Cabang,Tanggal,Tahun,Bulan,Kelompok,Omset
BINTARA,2026-07-01,2026,7,Gadget & Aksesoris,16636000.0
BINTARA,2026-07-01,2026,7,Service,19204000.0
BINTARA,2026-07-02,2026,7,Gadget & Aksesoris,19964000.0
BINTARA,2026-07-02,2026,7,Service,21920900.0
BINTARA,2026-07-03,2026,7,Gadget & Aksesoris,9960000.0
BINTARA,2026-07-03,2026,7,Service,21060000.0
BINTARA,2026-07-04,2026,7,Gadget & Aksesoris,11314000.0
BINTARA,2026-07-04,2026,7,Service,12596000.0
BINTARA,2026-07-05,2026,7,Gadget & Aksesoris,2010000.0
BINTARA,2026-07-05,2026,7,Service,21720000.0
BINTARA,2026-07-06,2026,7,Gadget & Aksesoris,29146000.0
BINTARA,2026-07-06,2026,7,Service,18174000.0
BINTARA,2026-07-07,2026,7,Gadget & Aksesoris,8984000.0
BINTARA,2026-07-07,2026,7,Service,17466000.0
BINTARA,2026-07-08,2026,7,Gadget & Aksesoris,13662000.0
BINTARA,2026-07-08,2026,7,Service,23958000.0
BINTARA,2026-07-09,2026,7,Gadget & Aksesoris,14604000.0
BINTARA,2026-07-09,2026,7,Service,15576000.0
BINTARA,2026-07-10,2026,7,Gadget & Aksesoris,22564000.0
BINTARA,2026-07-10,2026,7,Service,15836000.0
BINTARA,2026-07-11,2026,7,Gadget & Aksesoris,27210000.0
BINTARA,2026-07-11,2026,7,Service,18140000.0
BINTARA,2026-07-12,2026,7,Gadget & Aksesoris,29958000.0
BINTARA,2026-07-12,2026,7,Service,15522000.0
BINTARA,2026-07-13,2026,7,Gadget & Aksesoris,1534000.0
BINTARA,2026-07-13,2026,7,Service,20836000.0
BINTARA,2026-07-14,2026,7,Gadget & Aksesoris,20518000.0
BINTARA,2026-07-14,2026,7,Service,23282000.0
BINTARA,2026-07-15,2026,7,Gadget & Aksesoris,10482000.0
BINTARA,2026-07-15,2026,7,Service,22628000.0
BINTARA,2026-07-16,2026,7,Gadget & Aksesoris,1074000.0
BINTARA,2026-07-16,2026,7,Service,10556000.0
BINTARA,2026-07-17,2026,7,Gadget & Aksesoris,8462000.0
BINTARA,2026-07-17,2026,7,Service,14478000.0
BINTARA,2026-07-18,2026,7,Gadget & Aksesoris,1856000.0
BINTARA,2026-07-18,2026,7,Service,20084000.0
BINTARA,2026-07-19,2026,7,Gadget & Aksesoris,34280000.0
BINTARA,2026-07-19,2026,7,Service,34940000.0
BINTARA,2026-07-20,2026,7,Gadget & Aksesoris,2338000.0
BINTARA,2026-07-20,2026,7,Service,26592000.0
BINTARA,2026-07-21,2026,7,Gadget & Aksesoris,800000.0
BINTARA,2026-07-21,2026,7,Service,5700000.0
BINTARA,2026-07-22,2026,7,Gadget & Aksesoris,1380000.0
BINTARA,2026-07-22,2026,7,Service,11596000.0
BINTARA,2026-07-23,2026,7,Gadget & Aksesoris,2884000.0
BINTARA,2026-07-23,2026,7,Service,24176000.0
BINTARA,2026-07-24,2026,7,Gadget & Aksesoris,1832000.0
BINTARA,2026-07-24,2026,7,Service,30088000.0
BINTARA,2026-07-25,2026,7,Gadget & Aksesoris,1814000.0
BINTARA,2026-07-25,2026,7,Service,12556000.0
BINTARA,2026-07-26,2026,7,Gadget & Aksesoris,14102000.0
BINTARA,2026-07-26,2026,7,Service,21008000.0
BINTARA,2026-07-27,2026,7,Gadget & Aksesoris,1540000.0
BINTARA,2026-07-27,2026,7,Service,10268000.0
BINTARA,2026-07-28,2026,7,Gadget & Aksesoris,10956000.0
BINTARA,2026-07-28,2026,7,Service,16804000.0
BINTARA,2026-07-29,2026,7,Gadget & Aksesoris,11712000.0
BINTARA,2026-07-29,2026,7,Service,23408000.0
BINTARA,2026-07-30,2026,7,Gadget & Aksesoris,1808000.0
BINTARA,2026-07-30,2026,7,Service,14152000.0
BINTARA,2026-07-31,2026,7,Gadget & Aksesoris,15574000.0
BINTARA,2026-07-31,2026,7,Service,22876000.0
BINTARA,2026-08-01,2026,8,Gadget & Aksesoris,5208000.0
BINTARA,2026-08-01,2026,8,Service,15672000.0
BINTARA,2026-08-02,2026,8,Gadget & Aksesoris,26612000.0
BINTARA,2026-08-02,2026,8,Service,35278000.0
BINTARA,2026-08-03,2026,8,Gadget & Aksesoris,56386000.0
BINTARA,2026-08-03,2026,8,Service,42064000.0
BINTARA,2026-08-04,2026,8,Gadget & Aksesoris,1802000.0
BINTARA,2026-08-04,2026,8,Service,15108000.0
BINTARA,2026-08-05,2026,8,Gadget & Aksesoris,1128000.0
BINTARA,2026-08-05,2026,8,Service,20542000.0
BINTARA,2026-08-06,2026,8,Gadget & Aksesoris,16766000.0
BINTARA,2026-08-06,2026,8,Service,18184000.0
BINTARA,2026-08-07,2026,8,Gadget & Aksesoris,19172000.0
BINTARA,2026-08-07,2026,8,Service,23264000.0
BINTARA,2026-08-08,2026,8,Gadget & Aksesoris,94482000.0
BINTARA,2026-08-08,2026,8,Service,16788000.0
BINTARA,2026-08-09,2026,8,Gadget & Aksesoris,35306000.0
BINTARA,2026-08-09,2026,8,Service,18654000.0
BINTARA,2026-08-10,2026,8,Gadget & Aksesoris,2480000.0
BINTARA,2026-08-10,2026,8,Service,27580000.0
BINTARA,2026-08-11,2026,8,Gadget & Aksesoris,28920000.0
BINTARA,2026-08-11,2026,8,Service,15560000.0
BINTARA,2026-08-12,2026,8,Gadget & Aksesoris,11258000.0
BINTARA,2026-08-12,2026,8,Service,24179500.0
BINTARA,2026-08-13,2026,8,Gadget & Aksesoris,26100000.0
BINTARA,2026-08-13,2026,8,Service,16470000.0
BINTARA,2026-08-14,2026,8,Gadget & Aksesoris,1710000.0
BINTARA,2026-08-14,2026,8,Service,19940000.0
BINTARA,2026-08-15,2026,8,Gadget & Aksesoris,17800000.0
BINTARA,2026-08-15,2026,8,Service,22420000.0
BINTARA,2026-08-16,2026,8,Gadget & Aksesoris,14720000.0
BINTARA,2026-08-16,2026,8,Service,17890000.0
BINTARA,2026-08-17,2026,8,Gadget & Aksesoris,1376000.0
BINTARA,2026-08-17,2026,8,Service,19464310.0
BINTARA,2026-08-18,2026,8,Gadget & Aksesoris,19480000.0
BINTARA,2026-08-18,2026,8,Service,18300000.0
BINTARA,2026-08-19,2026,8,Gadget & Aksesoris,29740000.0
BINTARA,2026-08-19,2026,8,Service,14075000.0
BINTARA,2026-08-20,2026,8,Gadget & Aksesoris,1750000.0
BINTARA,2026-08-20,2026,8,Service,12830000.0
BINTARA,2026-08-21,2026,8,Gadget & Aksesoris,1450000.0
BINTARA,2026-08-21,2026,8,Service,13440000.0
BINTARA,2026-08-22,2026,8,Gadget & Aksesoris,33090000.0
BINTARA,2026-08-22,2026,8,Service,14610000.0
BINTARA,2026-08-23,2026,8,Gadget & Aksesoris,1970000.0
BINTARA,2026-08-23,2026,8,Service,24094000.0
BINTARA,2026-08-24,2026,8,Gadget & Aksesoris,3710000.0
BINTARA,2026-08-24,2026,8,Service,13920000.0
BINTARA,2026-08-25,2026,8,Gadget & Aksesoris,18300000.0
BINTARA,2026-08-25,2026,8,Service,25940000.0
BINTARA,2026-08-26,2026,8,Gadget & Aksesoris,15930000.0
BINTARA,2026-08-26,2026,8,Service,9875000.0
CEGER,2026-07-01,2026,7,Gadget & Aksesoris,16080000.0
CEGER,2026-07-01,2026,7,Service,19800000.0
CEGER,2026-07-02,2026,7,Gadget & Aksesoris,2170000.0
CEGER,2026-07-02,2026,7,Service,22310000.0
CEGER,2026-07-03,2026,7,Gadget & Aksesoris,32160000.0
CEGER,2026-07-03,2026,7,Service,11250000.0
CEGER,2026-07-04,2026,7,Gadget & Aksesoris,930000.0
CEGER,2026-07-04,2026,7,Service,15260000.0
CEGER,2026-07-05,2026,7,Gadget & Aksesoris,11016000.0
CEGER,2026-07-05,2026,7,Service,20084000.0
CEGER,2026-07-06,2026,7,Gadget & Aksesoris,810000.0
CEGER,2026-07-06,2026,7,Service,21140000.0
CEGER,2026-07-07,2026,7,Gadget & Aksesoris,1090000.0
CEGER,2026-07-07,2026,7,Service,18610000.0
CEGER,2026-07-08,2026,7,Gadget & Aksesoris,12976000.0
CEGER,2026-07-08,2026,7,Service,12524000.0
CEGER,2026-07-09,2026,7,Gadget & Aksesoris,646000.0
CEGER,2026-07-09,2026,7,Service,14244000.0
CEGER,2026-07-10,2026,7,Gadget & Aksesoris,1130000.0
CEGER,2026-07-10,2026,7,Service,8090000.0
CEGER,2026-07-11,2026,7,Gadget & Aksesoris,1488000.0
CEGER,2026-07-11,2026,7,Service,15962000.0
CEGER,2026-07-12,2026,7,Gadget & Aksesoris,1634000.0
CEGER,2026-07-12,2026,7,Service,11956000.0
CEGER,2026-07-13,2026,7,Gadget & Aksesoris,1764000.0
CEGER,2026-07-13,2026,7,Service,17586000.0
CEGER,2026-07-14,2026,7,Gadget & Aksesoris,1448000.0
CEGER,2026-07-14,2026,7,Service,16232000.0
CEGER,2026-07-15,2026,7,Gadget & Aksesoris,56672000.0
CEGER,2026-07-15,2026,7,Service,10918000.0
CEGER,2026-07-16,2026,7,Gadget & Aksesoris,1716000.0
CEGER,2026-07-16,2026,7,Service,16944000.0
CEGER,2026-07-17,2026,7,Gadget & Aksesoris,1218000.0
CEGER,2026-07-17,2026,7,Service,18032000.0
CEGER,2026-07-18,2026,7,Gadget & Aksesoris,1208000.0
CEGER,2026-07-18,2026,7,Service,21942000.0
CEGER,2026-07-19,2026,7,Gadget & Aksesoris,1246000.0
CEGER,2026-07-19,2026,7,Service,24754000.0
CEGER,2026-07-20,2026,7,Gadget & Aksesoris,12914000.0
CEGER,2026-07-20,2026,7,Service,19606000.0
CEGER,2026-07-21,2026,7,Gadget & Aksesoris,1872000.0
CEGER,2026-07-21,2026,7,Service,24478000.0
CEGER,2026-07-22,2026,7,Gadget & Aksesoris,2158000.0
CEGER,2026-07-22,2026,7,Service,16462000.0
CEGER,2026-07-23,2026,7,Gadget & Aksesoris,1060000.0
CEGER,2026-07-23,2026,7,Service,14167000.0
CEGER,2026-07-24,2026,7,Gadget & Aksesoris,840000.0
CEGER,2026-07-24,2026,7,Service,17260000.0
CEGER,2026-07-25,2026,7,Gadget & Aksesoris,16780000.0
CEGER,2026-07-25,2026,7,Service,39024000.0
CEGER,2026-07-26,2026,7,Gadget & Aksesoris,1262000.0
CEGER,2026-07-26,2026,7,Service,19278000.0
CEGER,2026-07-27,2026,7,Gadget & Aksesoris,916000.0
CEGER,2026-07-27,2026,7,Service,22304000.0
CEGER,2026-07-28,2026,7,Gadget & Aksesoris,20688000.0
CEGER,2026-07-28,2026,7,Service,14258000.0
CEGER,2026-07-29,2026,7,Gadget & Aksesoris,1736000.0
CEGER,2026-07-29,2026,7,Service,13394000.0
CEGER,2026-07-30,2026,7,Gadget & Aksesoris,1594000.0
CEGER,2026-07-30,2026,7,Service,26446000.0
CEGER,2026-07-31,2026,7,Gadget & Aksesoris,724000.0
CEGER,2026-07-31,2026,7,Service,20506000.0
CEGER,2026-08-01,2026,8,Gadget & Aksesoris,1108000.0
CEGER,2026-08-01,2026,8,Service,16852000.0
CEGER,2026-08-02,2026,8,Gadget & Aksesoris,3014000.0
CEGER,2026-08-02,2026,8,Service,28636000.0
CEGER,2026-08-03,2026,8,Gadget & Aksesoris,1596000.0
CEGER,2026-08-03,2026,8,Service,13374000.0
CEGER,2026-08-04,2026,8,Gadget & Aksesoris,23010000.0
CEGER,2026-08-04,2026,8,Service,14410000.0
CEGER,2026-08-05,2026,8,Gadget & Aksesoris,980000.0
CEGER,2026-08-05,2026,8,Service,24300000.0
CEGER,2026-08-06,2026,8,Gadget & Aksesoris,3254000.0
CEGER,2026-08-06,2026,8,Service,16270000.0
CEGER,2026-08-07,2026,8,Gadget & Aksesoris,10460000.0
CEGER,2026-08-07,2026,8,Service,15940000.0
CEGER,2026-08-08,2026,8,Gadget & Aksesoris,21510000.0
CEGER,2026-08-08,2026,8,Service,17090000.0
CEGER,2026-08-09,2026,8,Gadget & Aksesoris,970000.0
CEGER,2026-08-09,2026,8,Service,10560000.0
CEGER,2026-08-10,2026,8,Gadget & Aksesoris,200000.0
CEGER,2026-08-10,2026,8,Service,30300000.0
CEGER,2026-08-11,2026,8,Gadget & Aksesoris,10600000.0
CEGER,2026-08-11,2026,8,Service,19620000.0
CEGER,2026-08-12,2026,8,Gadget & Aksesoris,15400000.0
CEGER,2026-08-12,2026,8,Service,19860000.0
CEGER,2026-08-13,2026,8,Gadget & Aksesoris,500000.0
CEGER,2026-08-13,2026,8,Service,19240000.0
CEGER,2026-08-14,2026,8,Gadget & Aksesoris,44550000.0
CEGER,2026-08-14,2026,8,Service,24510000.0
CEGER,2026-08-15,2026,8,Gadget & Aksesoris,1200000.0
CEGER,2026-08-15,2026,8,Service,16290600.0
CEGER,2026-08-16,2026,8,Gadget & Aksesoris,960000.0
CEGER,2026-08-16,2026,8,Service,16600000.0
CEGER,2026-08-17,2026,8,Gadget & Aksesoris,9610000.0
CEGER,2026-08-17,2026,8,Service,7200000.0
CEGER,2026-08-18,2026,8,Gadget & Aksesoris,240000.0
CEGER,2026-08-18,2026,8,Service,11110000.0
CEGER,2026-08-19,2026,8,Gadget & Aksesoris,15220000.0
CEGER,2026-08-19,2026,8,Service,20755000.0
CEGER,2026-08-20,2026,8,Gadget & Aksesoris,1080000.0
CEGER,2026-08-20,2026,8,Service,22350000.0
CEGER,2026-08-21,2026,8,Gadget & Aksesoris,7720000.0
CEGER,2026-08-21,2026,8,Service,15380000.0
CEGER,2026-08-22,2026,8,Gadget & Aksesoris,11630000.0
CEGER,2026-08-22,2026,8,Service,15330000.0
CEGER,2026-08-23,2026,8,Gadget & Aksesoris,11320000.0
CEGER,2026-08-23,2026,8,Service,9980000.0
CEGER,2026-08-24,2026,8,Gadget & Aksesoris,431000.0
CEGER,2026-08-24,2026,8,Service,15610000.0
CEGER,2026-08-25,2026,8,Gadget & Aksesoris,750000.0
CEGER,2026-08-25,2026,8,Service,14740000.0
CEGER,2026-08-26,2026,8,Gadget & Aksesoris,26783000.0
CEGER,2026-08-26,2026,8,Service,11740000.0
CIBINONG,2026-07-01,2026,7,Gadget & Aksesoris,1740000.0
CIBINONG,2026-07-01,2026,7,Service,8520000.0
CIBINONG,2026-07-02,2026,7,Gadget & Aksesoris,1174000.0
CIBINONG,2026-07-02,2026,7,Service,14336000.0
CIBINONG,2026-07-03,2026,7,Gadget & Aksesoris,1466000.0
CIBINONG,2026-07-03,2026,7,Service,4344150.0
CIBINONG,2026-07-04,2026,7,Gadget & Aksesoris,9063000.0
CIBINONG,2026-07-04,2026,7,Service,15343000.0
CIBINONG,2026-07-05,2026,7,Gadget & Aksesoris,2804000.0
CIBINONG,2026-07-05,2026,7,Service,17775500.0
CIBINONG,2026-07-06,2026,7,Gadget & Aksesoris,3474000.0
CIBINONG,2026-07-06,2026,7,Service,10816000.0
CIBINONG,2026-07-07,2026,7,Gadget & Aksesoris,10544000.0
CIBINONG,2026-07-07,2026,7,Service,29546000.0
CIBINONG,2026-07-08,2026,7,Gadget & Aksesoris,16558000.0
CIBINONG,2026-07-08,2026,7,Service,11694000.0
CIBINONG,2026-07-09,2026,7,Gadget & Aksesoris,3464000.0
CIBINONG,2026-07-09,2026,7,Service,10216000.0
CIBINONG,2026-07-10,2026,7,Gadget & Aksesoris,1084000.0
CIBINONG,2026-07-10,2026,7,Service,9816000.0
CIBINONG,2026-07-11,2026,7,Gadget & Aksesoris,14700000.0
CIBINONG,2026-07-11,2026,7,Service,11820000.0
CIBINONG,2026-07-12,2026,7,Gadget & Aksesoris,972000.0
CIBINONG,2026-07-12,2026,7,Service,6508000.0
CIBINONG,2026-07-13,2026,7,Gadget & Aksesoris,9676000.0
CIBINONG,2026-07-13,2026,7,Service,15378000.0
CIBINONG,2026-07-14,2026,7,Gadget & Aksesoris,2104000.0
CIBINONG,2026-07-14,2026,7,Service,9132000.0
CIBINONG,2026-07-15,2026,7,Gadget & Aksesoris,23138000.0
CIBINONG,2026-07-15,2026,7,Service,21352000.0
CIBINONG,2026-07-16,2026,7,Gadget & Aksesoris,1480000.0
CIBINONG,2026-07-16,2026,7,Service,11190000.0
CIBINONG,2026-07-17,2026,7,Gadget & Aksesoris,1542000.0
CIBINONG,2026-07-17,2026,7,Service,6075500.0
CIBINONG,2026-07-18,2026,7,Gadget & Aksesoris,1574000.0
CIBINONG,2026-07-18,2026,7,Service,9303500.0
CIBINONG,2026-07-19,2026,7,Gadget & Aksesoris,2858000.0
CIBINONG,2026-07-19,2026,7,Service,16749500.0
CIBINONG,2026-07-20,2026,7,Gadget & Aksesoris,1552000.0
CIBINONG,2026-07-20,2026,7,Service,23693300.0
CIBINONG,2026-07-21,2026,7,Gadget & Aksesoris,1548000.0
CIBINONG,2026-07-21,2026,7,Service,12582000.0
CIBINONG,2026-07-22,2026,7,Gadget & Aksesoris,1504000.0
CIBINONG,2026-07-22,2026,7,Service,13215600.0
CIBINONG,2026-07-23,2026,7,Gadget & Aksesoris,24422000.0
CIBINONG,2026-07-23,2026,7,Service,12742500.0
CIBINONG,2026-07-24,2026,7,Gadget & Aksesoris,452728000.0
CIBINONG,2026-07-24,2026,7,Service,22520500.0
CIBINONG,2026-07-25,2026,7,Gadget & Aksesoris,16486000.0
CIBINONG,2026-07-25,2026,7,Service,7324000.0
CIBINONG,2026-07-26,2026,7,Gadget & Aksesoris,21160000.0
CIBINONG,2026-07-26,2026,7,Service,9200150.0
CIBINONG,2026-07-27,2026,7,Gadget & Aksesoris,8116000.0
CIBINONG,2026-07-27,2026,7,Service,2064000.0
CIBINONG,2026-07-28,2026,7,Gadget & Aksesoris,1772000.0
CIBINONG,2026-07-28,2026,7,Service,12968000.0
CIBINONG,2026-07-29,2026,7,Gadget & Aksesoris,1214000.0
CIBINONG,2026-07-29,2026,7,Service,8686000.0
CIBINONG,2026-07-30,2026,7,Gadget & Aksesoris,964000.0
CIBINONG,2026-07-30,2026,7,Service,8036000.0
CIBINONG,2026-07-31,2026,7,Gadget & Aksesoris,1562000.0
CIBINONG,2026-07-31,2026,7,Service,10062000.0
CIBINONG,2026-08-01,2026,8,Gadget & Aksesoris,13472000.0
CIBINONG,2026-08-01,2026,8,Service,14868000.0
CIBINONG,2026-08-02,2026,8,Gadget & Aksesoris,24814000.0
CIBINONG,2026-08-02,2026,8,Service,10016000.0
CIBINONG,2026-08-03,2026,8,Gadget & Aksesoris,2140000.0
CIBINONG,2026-08-03,2026,8,Service,17093000.0
CIBINONG,2026-08-04,2026,8,Gadget & Aksesoris,22652000.0
CIBINONG,2026-08-04,2026,8,Service,10868000.0
CIBINONG,2026-08-05,2026,8,Gadget & Aksesoris,1940000.0
CIBINONG,2026-08-05,2026,8,Service,8390000.0
CIBINONG,2026-08-06,2026,8,Gadget & Aksesoris,2358000.0
CIBINONG,2026-08-06,2026,8,Service,6917000.0
CIBINONG,2026-08-07,2026,8,Gadget & Aksesoris,2504000.0
CIBINONG,2026-08-07,2026,8,Service,5086000.0
CIBINONG,2026-08-08,2026,8,Gadget & Aksesoris,13144000.0
CIBINONG,2026-08-08,2026,8,Service,8426000.0
CIBINONG,2026-08-09,2026,8,Gadget & Aksesoris,2334000.0
CIBINONG,2026-08-09,2026,8,Service,11446000.0
CIBINONG,2026-08-10,2026,8,Gadget & Aksesoris,3274000.0
CIBINONG,2026-08-10,2026,8,Service,13446000.0
CIBINONG,2026-08-11,2026,8,Gadget & Aksesoris,2050000.0
CIBINONG,2026-08-11,2026,8,Service,10380000.0
CIBINONG,2026-08-12,2026,8,Gadget & Aksesoris,11038000.0
CIBINONG,2026-08-12,2026,8,Service,10972000.0
CIBINONG,2026-08-13,2026,8,Gadget & Aksesoris,2120000.0
CIBINONG,2026-08-13,2026,8,Service,3550000.0
CIBINONG,2026-08-14,2026,8,Gadget & Aksesoris,1226000.0
CIBINONG,2026-08-14,2026,8,Service,13218000.0
CIBINONG,2026-08-15,2026,8,Gadget & Aksesoris,4044000.0
CIBINONG,2026-08-15,2026,8,Service,19195400.0
CIBINONG,2026-08-16,2026,8,Gadget & Aksesoris,2725000.0
CIBINONG,2026-08-16,2026,8,Service,10275000.0
CIBINONG,2026-08-17,2026,8,Gadget & Aksesoris,2410000.0
CIBINONG,2026-08-17,2026,8,Service,15118800.0
CIBINONG,2026-08-18,2026,8,Gadget & Aksesoris,2050000.0
CIBINONG,2026-08-18,2026,8,Service,11960000.0
CIBINONG,2026-08-19,2026,8,Gadget & Aksesoris,970000.0
CIBINONG,2026-08-19,2026,8,Service,13910000.0
CIBINONG,2026-08-20,2026,8,Gadget & Aksesoris,1330000.0
CIBINONG,2026-08-20,2026,8,Service,11730000.0
CIBINONG,2026-08-21,2026,8,Gadget & Aksesoris,1150000.0
CIBINONG,2026-08-21,2026,8,Service,6590000.0
CIBINONG,2026-08-22,2026,8,Gadget & Aksesoris,920000.0
CIBINONG,2026-08-22,2026,8,Service,9562000.0
CIBINONG,2026-08-23,2026,8,Gadget & Aksesoris,700000.0
CIBINONG,2026-08-23,2026,8,Service,12640000.0
CIBINONG,2026-08-24,2026,8,Gadget & Aksesoris,12360000.0
CIBINONG,2026-08-24,2026,8,Service,10360000.0
CIBINONG,2026-08-25,2026,8,Gadget & Aksesoris,8110000.0
CIBINONG,2026-08-25,2026,8,Service,6407000.0
CIBINONG,2026-08-26,2026,8,Gadget & Aksesoris,950000.0
CIBINONG,2026-08-26,2026,8,Service,4620000.0
CIBUBUR,2026-07-31,2026,7,Gadget & Aksesoris,1223000.0
CIBUBUR,2026-07-31,2026,7,Service,4120000.0
CIBUBUR,2026-08-01,2026,8,Gadget & Aksesoris,1018000.0
CIBUBUR,2026-08-01,2026,8,Service,3412000.0
CIBUBUR,2026-08-02,2026,8,Gadget & Aksesoris,946000.0
CIBUBUR,2026-08-02,2026,8,Service,3254000.0
CIBUBUR,2026-08-03,2026,8,Gadget & Aksesoris,791720.0
CIBUBUR,2026-08-03,2026,8,Service,4198000.0
CIBUBUR,2026-08-04,2026,8,Gadget & Aksesoris,510000.0
CIBUBUR,2026-08-04,2026,8,Service,6980000.0
CIBUBUR,2026-08-05,2026,8,Gadget & Aksesoris,390000.0
CIBUBUR,2026-08-05,2026,8,Service,4950000.0
CIBUBUR,2026-08-06,2026,8,Gadget & Aksesoris,924000.0
CIBUBUR,2026-08-06,2026,8,Service,8790000.0
CIBUBUR,2026-08-07,2026,8,Gadget & Aksesoris,440000.0
CIBUBUR,2026-08-07,2026,8,Service,8780000.0
CIBUBUR,2026-08-08,2026,8,Gadget & Aksesoris,1246000.0
CIBUBUR,2026-08-08,2026,8,Service,9600000.0
CIBUBUR,2026-08-09,2026,8,Gadget & Aksesoris,502000.0
CIBUBUR,2026-08-09,2026,8,Service,2760000.0
CIBUBUR,2026-08-10,2026,8,Gadget & Aksesoris,9524000.0
CIBUBUR,2026-08-10,2026,8,Service,6856000.0
CIBUBUR,2026-08-11,2026,8,Gadget & Aksesoris,513000.0
CIBUBUR,2026-08-11,2026,8,Service,10138000.0
CIBUBUR,2026-08-12,2026,8,Gadget & Aksesoris,202000.0
CIBUBUR,2026-08-12,2026,8,Service,2228000.0
CIBUBUR,2026-08-13,2026,8,Gadget & Aksesoris,522000.0
CIBUBUR,2026-08-13,2026,8,Service,3288000.0
CIBUBUR,2026-08-14,2026,8,Gadget & Aksesoris,724000.0
CIBUBUR,2026-08-14,2026,8,Service,14860000.0
CIBUBUR,2026-08-15,2026,8,Gadget & Aksesoris,4375000.0
CIBUBUR,2026-08-15,2026,8,Service,810000.0
CIBUBUR,2026-08-16,2026,8,Gadget & Aksesoris,200000.0
CIBUBUR,2026-08-16,2026,8,Service,5320000.0
CIBUBUR,2026-08-17,2026,8,Gadget & Aksesoris,1736000.0
CIBUBUR,2026-08-17,2026,8,Service,5820000.0
CIBUBUR,2026-08-18,2026,8,Gadget & Aksesoris,160000.0
CIBUBUR,2026-08-18,2026,8,Service,1680000.0
CIBUBUR,2026-08-19,2026,8,Gadget & Aksesoris,360000.0
CIBUBUR,2026-08-19,2026,8,Service,6174000.0
CIBUBUR,2026-08-20,2026,8,Gadget & Aksesoris,200000.0
CIBUBUR,2026-08-20,2026,8,Service,4540000.0
CIBUBUR,2026-08-21,2026,8,Gadget & Aksesoris,1192000.0
CIBUBUR,2026-08-21,2026,8,Service,5020000.0
CIBUBUR,2026-08-22,2026,8,Gadget & Aksesoris,352000.0
CIBUBUR,2026-08-22,2026,8,Service,3400000.0
CIBUBUR,2026-08-23,2026,8,Gadget & Aksesoris,1160000.0
CIBUBUR,2026-08-23,2026,8,Service,1410000.0
CIBUBUR,2026-08-24,2026,8,Gadget & Aksesoris,904000.0
CIBUBUR,2026-08-24,2026,8,Service,3890000.0
CIBUBUR,2026-08-25,2026,8,Gadget & Aksesoris,8350000.0
CIBUBUR,2026-08-25,2026,8,Service,7250000.0
CIBUBUR,2026-08-26,2026,8,Gadget & Aksesoris,1113000.0
CIBUBUR,2026-08-26,2026,8,Service,1595000.0
CIKAMPEK,2026-07-01,2026,7,Gadget & Aksesoris,14836000.0
CIKAMPEK,2026-07-01,2026,7,Service,9836000.0
CIKAMPEK,2026-07-02,2026,7,Gadget & Aksesoris,2524000.0
CIKAMPEK,2026-07-02,2026,7,Service,17366000.0
CIKAMPEK,2026-07-03,2026,7,Gadget & Aksesoris,2528000.0
CIKAMPEK,2026-07-03,2026,7,Service,4232000.0
CIKAMPEK,2026-07-04,2026,7,Gadget & Aksesoris,3362000.0
CIKAMPEK,2026-07-04,2026,7,Service,15658000.0
CIKAMPEK,2026-07-05,2026,7,Gadget & Aksesoris,1860000.0
CIKAMPEK,2026-07-05,2026,7,Service,6994000.0
CIKAMPEK,2026-07-06,2026,7,Gadget & Aksesoris,17390000.0
CIKAMPEK,2026-07-06,2026,7,Service,16440000.0
CIKAMPEK,2026-07-07,2026,7,Gadget & Aksesoris,7962000.0
CIKAMPEK,2026-07-07,2026,7,Service,6988000.0
CIKAMPEK,2026-07-08,2026,7,Gadget & Aksesoris,13148000.0
CIKAMPEK,2026-07-08,2026,7,Service,5322000.0
CIKAMPEK,2026-07-09,2026,7,Gadget & Aksesoris,13628000.0
CIKAMPEK,2026-07-09,2026,7,Service,8632000.0
CIKAMPEK,2026-07-10,2026,7,Gadget & Aksesoris,3436000.0
CIKAMPEK,2026-07-10,2026,7,Service,9524000.0
CIKAMPEK,2026-07-11,2026,7,Gadget & Aksesoris,2302000.0
CIKAMPEK,2026-07-11,2026,7,Service,10178000.0
CIKAMPEK,2026-07-12,2026,7,Gadget & Aksesoris,3152000.0
CIKAMPEK,2026-07-12,2026,7,Service,5648000.0
CIKAMPEK,2026-07-13,2026,7,Gadget & Aksesoris,2118000.0
CIKAMPEK,2026-07-13,2026,7,Service,6544000.0
CIKAMPEK,2026-07-14,2026,7,Gadget & Aksesoris,9902000.0
CIKAMPEK,2026-07-14,2026,7,Service,8798000.0
CIKAMPEK,2026-07-15,2026,7,Gadget & Aksesoris,2532000.0
CIKAMPEK,2026-07-15,2026,7,Service,9498000.0
CIKAMPEK,2026-07-16,2026,7,Gadget & Aksesoris,1210000.0
CIKAMPEK,2026-07-16,2026,7,Service,5000000.0
CIKAMPEK,2026-07-17,2026,7,Gadget & Aksesoris,348116000.0
CIKAMPEK,2026-07-17,2026,7,Service,6054000.0
CIKAMPEK,2026-07-18,2026,7,Gadget & Aksesoris,30670000.0
CIKAMPEK,2026-07-18,2026,7,Service,3590000.0
CIKAMPEK,2026-07-19,2026,7,Gadget & Aksesoris,3670000.0
CIKAMPEK,2026-07-19,2026,7,Service,25540000.0
CIKAMPEK,2026-07-20,2026,7,Gadget & Aksesoris,27953204.0
CIKAMPEK,2026-07-20,2026,7,Service,3874000.0
CIKAMPEK,2026-07-21,2026,7,Gadget & Aksesoris,25392000.0
CIKAMPEK,2026-07-21,2026,7,Service,5488000.0
CIKAMPEK,2026-07-22,2026,7,Gadget & Aksesoris,3556000.0
CIKAMPEK,2026-07-22,2026,7,Service,10284000.0
CIKAMPEK,2026-07-23,2026,7,Gadget & Aksesoris,22806000.0
CIKAMPEK,2026-07-23,2026,7,Service,11374000.0
CIKAMPEK,2026-07-24,2026,7,Gadget & Aksesoris,1990000.0
CIKAMPEK,2026-07-24,2026,7,Service,12600000.0
CIKAMPEK,2026-07-25,2026,7,Gadget & Aksesoris,2836000.0
CIKAMPEK,2026-07-25,2026,7,Service,11504000.0
CIKAMPEK,2026-07-26,2026,7,Gadget & Aksesoris,19030000.0
CIKAMPEK,2026-07-26,2026,7,Service,14768000.0
CIKAMPEK,2026-07-27,2026,7,Gadget & Aksesoris,1181000.0
CIKAMPEK,2026-07-27,2026,7,Service,5959000.0
CIKAMPEK,2026-07-28,2026,7,Gadget & Aksesoris,29628000.0
CIKAMPEK,2026-07-28,2026,7,Service,5672000.0
CIKAMPEK,2026-07-29,2026,7,Gadget & Aksesoris,2426000.0
CIKAMPEK,2026-07-29,2026,7,Service,5634000.0
CIKAMPEK,2026-07-30,2026,7,Gadget & Aksesoris,1754000.0
CIKAMPEK,2026-07-30,2026,7,Service,10844988.0
CIKAMPEK,2026-07-31,2026,7,Gadget & Aksesoris,1762000.0
CIKAMPEK,2026-07-31,2026,7,Service,12418000.0
CIKAMPEK,2026-08-01,2026,8,Gadget & Aksesoris,12268000.0
CIKAMPEK,2026-08-01,2026,8,Service,18912000.0
CIKAMPEK,2026-08-02,2026,8,Gadget & Aksesoris,13910000.0
CIKAMPEK,2026-08-02,2026,8,Service,13050000.0
CIKAMPEK,2026-08-03,2026,8,Gadget & Aksesoris,4230000.0
CIKAMPEK,2026-08-03,2026,8,Service,10900000.0
CIKAMPEK,2026-08-04,2026,8,Gadget & Aksesoris,3010000.0
CIKAMPEK,2026-08-04,2026,8,Service,4880000.0
CIKAMPEK,2026-08-05,2026,8,Gadget & Aksesoris,15450000.0
CIKAMPEK,2026-08-05,2026,8,Service,17240000.0
CIKAMPEK,2026-08-06,2026,8,Gadget & Aksesoris,1440000.0
CIKAMPEK,2026-08-06,2026,8,Service,7807000.0
CIKAMPEK,2026-08-07,2026,8,Gadget & Aksesoris,2290000.0
CIKAMPEK,2026-08-07,2026,8,Service,7460000.0
CIKAMPEK,2026-08-08,2026,8,Gadget & Aksesoris,2818000.0
CIKAMPEK,2026-08-08,2026,8,Service,9126000.0
CIKAMPEK,2026-08-09,2026,8,Gadget & Aksesoris,2988000.0
CIKAMPEK,2026-08-09,2026,8,Service,8242000.0
CIKAMPEK,2026-08-10,2026,8,Gadget & Aksesoris,14564000.0
CIKAMPEK,2026-08-10,2026,8,Service,21296000.0
CIKAMPEK,2026-08-11,2026,8,Gadget & Aksesoris,11190000.0
CIKAMPEK,2026-08-11,2026,8,Service,3940000.0
CIKAMPEK,2026-08-12,2026,8,Gadget & Aksesoris,10406000.0
CIKAMPEK,2026-08-12,2026,8,Service,9854000.0
CIKAMPEK,2026-08-13,2026,8,Gadget & Aksesoris,20284000.0
CIKAMPEK,2026-08-13,2026,8,Service,5326000.0
CIKAMPEK,2026-08-14,2026,8,Gadget & Aksesoris,3762000.0
CIKAMPEK,2026-08-14,2026,8,Service,10528000.0
CIKAMPEK,2026-08-15,2026,8,Gadget & Aksesoris,25102000.0
CIKAMPEK,2026-08-15,2026,8,Service,7798000.0
CIKAMPEK,2026-08-16,2026,8,Gadget & Aksesoris,2278000.0
CIKAMPEK,2026-08-16,2026,8,Service,6952000.0
CIKAMPEK,2026-08-17,2026,8,Gadget & Aksesoris,4030000.0
CIKAMPEK,2026-08-17,2026,8,Service,12608000.0
CIKAMPEK,2026-08-18,2026,8,Gadget & Aksesoris,16088000.0
CIKAMPEK,2026-08-18,2026,8,Service,11472000.0
CIKAMPEK,2026-08-19,2026,8,Gadget & Aksesoris,296000.0
CIKAMPEK,2026-08-19,2026,8,Service,5484000.0
CIKAMPEK,2026-08-20,2026,8,Gadget & Aksesoris,2344000.0
CIKAMPEK,2026-08-20,2026,8,Service,6706000.0
CIKAMPEK,2026-08-21,2026,8,Gadget & Aksesoris,12414000.0
CIKAMPEK,2026-08-21,2026,8,Service,7936000.0
CIKAMPEK,2026-08-22,2026,8,Gadget & Aksesoris,11986000.0
CIKAMPEK,2026-08-22,2026,8,Service,8924000.0
CIKAMPEK,2026-08-23,2026,8,Gadget & Aksesoris,2656000.0
CIKAMPEK,2026-08-23,2026,8,Service,6855400.0
CIKAMPEK,2026-08-24,2026,8,Gadget & Aksesoris,2824000.0
CIKAMPEK,2026-08-24,2026,8,Service,11066000.0
CIKAMPEK,2026-08-25,2026,8,Gadget & Aksesoris,1622000.0
CIKAMPEK,2026-08-25,2026,8,Service,6538000.0
CIKAMPEK,2026-08-26,2026,8,Gadget & Aksesoris,6115000.0
CIKAMPEK,2026-08-26,2026,8,Service,2670000.0
CILANGKAP,2026-07-01,2026,7,Gadget & Aksesoris,2520000.0
CILANGKAP,2026-07-01,2026,7,Service,15160000.0
CILANGKAP,2026-07-02,2026,7,Gadget & Aksesoris,2700000.0
CILANGKAP,2026-07-02,2026,7,Service,10930000.0
CILANGKAP,2026-07-03,2026,7,Gadget & Aksesoris,10840000.0
CILANGKAP,2026-07-03,2026,7,Service,10800000.0
CILANGKAP,2026-07-04,2026,7,Gadget & Aksesoris,2426000.0
CILANGKAP,2026-07-04,2026,7,Service,10514000.0
CILANGKAP,2026-07-05,2026,7,Gadget & Aksesoris,17036000.0
CILANGKAP,2026-07-05,2026,7,Service,13454000.0
CILANGKAP,2026-07-06,2026,7,Gadget & Aksesoris,6774000.0
CILANGKAP,2026-07-06,2026,7,Service,26666000.0
CILANGKAP,2026-07-07,2026,7,Gadget & Aksesoris,1942000.0
CILANGKAP,2026-07-07,2026,7,Service,7708000.0
CILANGKAP,2026-07-08,2026,7,Gadget & Aksesoris,9184000.0
CILANGKAP,2026-07-08,2026,7,Service,14656000.0
CILANGKAP,2026-07-09,2026,7,Gadget & Aksesoris,3300000.0
CILANGKAP,2026-07-09,2026,7,Service,26950000.0
CILANGKAP,2026-07-10,2026,7,Gadget & Aksesoris,17582000.0
CILANGKAP,2026-07-10,2026,7,Service,8498000.0
CILANGKAP,2026-07-11,2026,7,Gadget & Aksesoris,2722000.0
CILANGKAP,2026-07-11,2026,7,Service,20438000.0
CILANGKAP,2026-07-12,2026,7,Gadget & Aksesoris,2184000.0
CILANGKAP,2026-07-12,2026,7,Service,19496000.0
CILANGKAP,2026-07-13,2026,7,Gadget & Aksesoris,1364000.0
CILANGKAP,2026-07-13,2026,7,Service,10936000.0
CILANGKAP,2026-07-14,2026,7,Gadget & Aksesoris,2318000.0
CILANGKAP,2026-07-14,2026,7,Service,7722000.0
CILANGKAP,2026-07-15,2026,7,Gadget & Aksesoris,1716000.0
CILANGKAP,2026-07-15,2026,7,Service,17214000.0
CILANGKAP,2026-07-16,2026,7,Gadget & Aksesoris,18571404.0
CILANGKAP,2026-07-16,2026,7,Service,22334000.0
CILANGKAP,2026-07-17,2026,7,Gadget & Aksesoris,7718000.0
CILANGKAP,2026-07-17,2026,7,Service,14386000.0
CILANGKAP,2026-07-18,2026,7,Gadget & Aksesoris,1356000.0
CILANGKAP,2026-07-18,2026,7,Service,18634000.0
CILANGKAP,2026-07-19,2026,7,Gadget & Aksesoris,1034000.0
CILANGKAP,2026-07-19,2026,7,Service,8486000.0
CILANGKAP,2026-07-20,2026,7,Gadget & Aksesoris,1486000.0
CILANGKAP,2026-07-20,2026,7,Service,10014000.0
CILANGKAP,2026-07-21,2026,7,Gadget & Aksesoris,17262000.0
CILANGKAP,2026-07-21,2026,7,Service,15478000.0
CILANGKAP,2026-07-22,2026,7,Gadget & Aksesoris,1850000.0
CILANGKAP,2026-07-22,2026,7,Service,15380000.0
CILANGKAP,2026-07-23,2026,7,Gadget & Aksesoris,1340000.0
CILANGKAP,2026-07-23,2026,7,Service,14510000.0
CILANGKAP,2026-07-24,2026,7,Gadget & Aksesoris,6716000.0
CILANGKAP,2026-07-24,2026,7,Service,17844000.0
CILANGKAP,2026-07-25,2026,7,Gadget & Aksesoris,9084000.0
CILANGKAP,2026-07-25,2026,7,Service,13507000.0
CILANGKAP,2026-07-26,2026,7,Gadget & Aksesoris,1864000.0
CILANGKAP,2026-07-26,2026,7,Service,15406000.0
CILANGKAP,2026-07-27,2026,7,Gadget & Aksesoris,33350000.0
CILANGKAP,2026-07-27,2026,7,Service,17340000.0
CILANGKAP,2026-07-28,2026,7,Gadget & Aksesoris,1826000.0
CILANGKAP,2026-07-28,2026,7,Service,10014000.0
CILANGKAP,2026-07-29,2026,7,Gadget & Aksesoris,6890000.0
CILANGKAP,2026-07-29,2026,7,Service,16560000.0
CILANGKAP,2026-07-30,2026,7,Gadget & Aksesoris,4032000.0
CILANGKAP,2026-07-30,2026,7,Service,16842000.0
CILANGKAP,2026-07-31,2026,7,Gadget & Aksesoris,13440000.0
CILANGKAP,2026-07-31,2026,7,Service,16280000.0
CILANGKAP,2026-08-01,2026,8,Gadget & Aksesoris,1594000.0
CILANGKAP,2026-08-01,2026,8,Service,10786000.0
CILANGKAP,2026-08-02,2026,8,Gadget & Aksesoris,3578000.0
CILANGKAP,2026-08-02,2026,8,Service,19652000.0
CILANGKAP,2026-08-03,2026,8,Gadget & Aksesoris,3754000.0
CILANGKAP,2026-08-03,2026,8,Service,18276000.0
CILANGKAP,2026-08-04,2026,8,Gadget & Aksesoris,2520000.0
CILANGKAP,2026-08-04,2026,8,Service,16300000.0
CILANGKAP,2026-08-05,2026,8,Gadget & Aksesoris,1560000.0
CILANGKAP,2026-08-05,2026,8,Service,9070000.0
CILANGKAP,2026-08-06,2026,8,Gadget & Aksesoris,11128000.0
CILANGKAP,2026-08-06,2026,8,Service,27512000.0
CILANGKAP,2026-08-07,2026,8,Gadget & Aksesoris,9392000.0
CILANGKAP,2026-08-07,2026,8,Service,15098000.0
CILANGKAP,2026-08-08,2026,8,Gadget & Aksesoris,10640000.0
CILANGKAP,2026-08-08,2026,8,Service,11940000.0
CILANGKAP,2026-08-09,2026,8,Gadget & Aksesoris,31064000.0
CILANGKAP,2026-08-09,2026,8,Service,19636000.0
CILANGKAP,2026-08-10,2026,8,Gadget & Aksesoris,2342000.0
CILANGKAP,2026-08-10,2026,8,Service,12898000.0
CILANGKAP,2026-08-11,2026,8,Gadget & Aksesoris,31684000.0
CILANGKAP,2026-08-11,2026,8,Service,11896000.0
CILANGKAP,2026-08-12,2026,8,Gadget & Aksesoris,1980000.0
CILANGKAP,2026-08-12,2026,8,Service,22440000.0
CILANGKAP,2026-08-13,2026,8,Gadget & Aksesoris,1930000.0
CILANGKAP,2026-08-13,2026,8,Service,22440000.0
CILANGKAP,2026-08-14,2026,8,Gadget & Aksesoris,10696000.0
CILANGKAP,2026-08-14,2026,8,Service,10854000.0
CILANGKAP,2026-08-15,2026,8,Gadget & Aksesoris,1626000.0
CILANGKAP,2026-08-15,2026,8,Service,18364000.0
CILANGKAP,2026-08-16,2026,8,Gadget & Aksesoris,15162000.0
CILANGKAP,2026-08-16,2026,8,Service,30478000.0
CILANGKAP,2026-08-17,2026,8,Gadget & Aksesoris,1284000.0
CILANGKAP,2026-08-17,2026,8,Service,13256000.0
CILANGKAP,2026-08-18,2026,8,Gadget & Aksesoris,16252000.0
CILANGKAP,2026-08-18,2026,8,Service,11838000.0
CILANGKAP,2026-08-19,2026,8,Gadget & Aksesoris,1280000.0
CILANGKAP,2026-08-19,2026,8,Service,13430000.0
CILANGKAP,2026-08-20,2026,8,Gadget & Aksesoris,1112000.0
CILANGKAP,2026-08-20,2026,8,Service,19178000.0
CILANGKAP,2026-08-21,2026,8,Gadget & Aksesoris,13168000.0
CILANGKAP,2026-08-21,2026,8,Service,10362000.0
CILANGKAP,2026-08-22,2026,8,Gadget & Aksesoris,17176000.0
CILANGKAP,2026-08-22,2026,8,Service,15104000.0
CILANGKAP,2026-08-23,2026,8,Gadget & Aksesoris,10198000.0
CILANGKAP,2026-08-23,2026,8,Service,10605000.0
CILANGKAP,2026-08-24,2026,8,Gadget & Aksesoris,1220000.0
CILANGKAP,2026-08-24,2026,8,Service,7997000.0
CILANGKAP,2026-08-25,2026,8,Gadget & Aksesoris,7312000.0
CILANGKAP,2026-08-25,2026,8,Service,24338000.0
CILANGKAP,2026-08-26,2026,8,Gadget & Aksesoris,359000.0
CILANGKAP,2026-08-26,2026,8,Service,4041000.0
CINERE,2026-07-01,2026,7,Gadget & Aksesoris,12820000.0
CINERE,2026-07-01,2026,7,Service,10900000.0
CINERE,2026-07-02,2026,7,Gadget & Aksesoris,978000.0
CINERE,2026-07-02,2026,7,Service,4742000.0
CINERE,2026-07-03,2026,7,Gadget & Aksesoris,4360000.0
CINERE,2026-07-03,2026,7,Service,9626000.0
CINERE,2026-07-04,2026,7,Gadget & Aksesoris,1540000.0
CINERE,2026-07-04,2026,7,Service,5664000.0
CINERE,2026-07-05,2026,7,Gadget & Aksesoris,2160000.0
CINERE,2026-07-05,2026,7,Service,12670000.0
CINERE,2026-07-06,2026,7,Gadget & Aksesoris,1360000.0
CINERE,2026-07-06,2026,7,Service,4560000.0
CINERE,2026-07-07,2026,7,Gadget & Aksesoris,3300000.0
CINERE,2026-07-07,2026,7,Service,13660000.0
CINERE,2026-07-08,2026,7,Gadget & Aksesoris,1834000.0
CINERE,2026-07-08,2026,7,Service,7902000.0
CINERE,2026-07-09,2026,7,Gadget & Aksesoris,13024000.0
CINERE,2026-07-09,2026,7,Service,11126000.0
CINERE,2026-07-10,2026,7,Gadget & Aksesoris,1806000.0
CINERE,2026-07-10,2026,7,Service,6614000.0
CINERE,2026-07-11,2026,7,Gadget & Aksesoris,4822000.0
CINERE,2026-07-11,2026,7,Service,9088000.0
CINERE,2026-07-12,2026,7,Gadget & Aksesoris,2346000.0
CINERE,2026-07-12,2026,7,Service,13714000.0
CINERE,2026-07-13,2026,7,Gadget & Aksesoris,1608000.0
CINERE,2026-07-13,2026,7,Service,13102000.0
CINERE,2026-07-14,2026,7,Gadget & Aksesoris,2880000.0
CINERE,2026-07-14,2026,7,Service,12020000.0
CINERE,2026-07-15,2026,7,Gadget & Aksesoris,11156000.0
CINERE,2026-07-15,2026,7,Service,11221500.0
CINERE,2026-07-16,2026,7,Gadget & Aksesoris,1538000.0
CINERE,2026-07-16,2026,7,Service,14202000.0
CINERE,2026-07-17,2026,7,Gadget & Aksesoris,576292000.0
CINERE,2026-07-17,2026,7,Service,12438000.0
CINERE,2026-07-18,2026,7,Gadget & Aksesoris,2474000.0
CINERE,2026-07-18,2026,7,Service,11326000.0
CINERE,2026-07-19,2026,7,Gadget & Aksesoris,1618000.0
CINERE,2026-07-19,2026,7,Service,5122000.0
CINERE,2026-07-20,2026,7,Gadget & Aksesoris,1708000.0
CINERE,2026-07-20,2026,7,Service,11652000.0
CINERE,2026-07-21,2026,7,Gadget & Aksesoris,1850000.0
CINERE,2026-07-21,2026,7,Service,6230000.0
CINERE,2026-07-22,2026,7,Gadget & Aksesoris,1790000.0
CINERE,2026-07-22,2026,7,Service,11402200.0
CINERE,2026-07-23,2026,7,Gadget & Aksesoris,1150000.0
CINERE,2026-07-23,2026,7,Service,12004928.0
CINERE,2026-07-24,2026,7,Gadget & Aksesoris,25340000.0
CINERE,2026-07-24,2026,7,Service,23430000.0
CINERE,2026-07-25,2026,7,Gadget & Aksesoris,11480000.0
CINERE,2026-07-25,2026,7,Service,10840000.0
CINERE,2026-07-26,2026,7,Gadget & Aksesoris,3750000.0
CINERE,2026-07-26,2026,7,Service,34830000.0
CINERE,2026-07-27,2026,7,Gadget & Aksesoris,76350000.0
CINERE,2026-07-27,2026,7,Service,16240000.0
CINERE,2026-07-28,2026,7,Gadget & Aksesoris,15850000.0
CINERE,2026-07-28,2026,7,Service,4650000.0
CINERE,2026-07-29,2026,7,Gadget & Aksesoris,1510000.0
CINERE,2026-07-29,2026,7,Service,15220000.0
CINERE,2026-07-30,2026,7,Gadget & Aksesoris,2340000.0
CINERE,2026-07-30,2026,7,Service,11320000.0
CINERE,2026-07-31,2026,7,Gadget & Aksesoris,910000.0
CINERE,2026-07-31,2026,7,Service,5520000.0
CINERE,2026-08-01,2026,8,Gadget & Aksesoris,2376000.0
CINERE,2026-08-01,2026,8,Service,9634000.0
CINERE,2026-08-02,2026,8,Gadget & Aksesoris,2364000.0
CINERE,2026-08-02,2026,8,Service,17966000.0
CINERE,2026-08-03,2026,8,Gadget & Aksesoris,1154000.0
CINERE,2026-08-03,2026,8,Service,14722700.0
CINERE,2026-08-04,2026,8,Gadget & Aksesoris,4076000.0
CINERE,2026-08-04,2026,8,Service,15624000.0
CINERE,2026-08-05,2026,8,Gadget & Aksesoris,650000.0
CINERE,2026-08-05,2026,8,Service,6470000.0
CINERE,2026-08-06,2026,8,Gadget & Aksesoris,324128322.0
CINERE,2026-08-06,2026,8,Service,11604000.0
CINERE,2026-08-07,2026,8,Gadget & Aksesoris,5862000.0
CINERE,2026-08-07,2026,8,Service,6492000.0
CINERE,2026-08-08,2026,8,Gadget & Aksesoris,1241000.0
CINERE,2026-08-08,2026,8,Service,7899000.0
CINERE,2026-08-09,2026,8,Gadget & Aksesoris,3857000.0
CINERE,2026-08-09,2026,8,Service,10033000.0
CINERE,2026-08-10,2026,8,Gadget & Aksesoris,6250000.0
CINERE,2026-08-10,2026,8,Service,18100000.0
CINERE,2026-08-11,2026,8,Gadget & Aksesoris,5906000.0
CINERE,2026-08-11,2026,8,Service,8614000.0
CINERE,2026-08-12,2026,8,Gadget & Aksesoris,2220000.0
CINERE,2026-08-12,2026,8,Service,10140000.0
CINERE,2026-08-13,2026,8,Gadget & Aksesoris,2634000.0
CINERE,2026-08-13,2026,8,Service,22626000.0
CINERE,2026-08-14,2026,8,Gadget & Aksesoris,6190000.0
CINERE,2026-08-14,2026,8,Service,10720000.0
CINERE,2026-08-15,2026,8,Gadget & Aksesoris,1468000.0
CINERE,2026-08-15,2026,8,Service,15052000.0
CINERE,2026-08-16,2026,8,Gadget & Aksesoris,1270000.0
CINERE,2026-08-16,2026,8,Service,17020000.0
CINERE,2026-08-17,2026,8,Gadget & Aksesoris,540000.0
CINERE,2026-08-17,2026,8,Service,5782400.0
CINERE,2026-08-18,2026,8,Gadget & Aksesoris,5450000.0
CINERE,2026-08-18,2026,8,Service,6130000.0
CINERE,2026-08-19,2026,8,Gadget & Aksesoris,11080000.0
CINERE,2026-08-19,2026,8,Service,23560000.0
CINERE,2026-08-20,2026,8,Gadget & Aksesoris,1890000.0
CINERE,2026-08-20,2026,8,Service,6860000.0
CINERE,2026-08-21,2026,8,Gadget & Aksesoris,535000.0
CINERE,2026-08-21,2026,8,Service,6733550.0
CINERE,2026-08-22,2026,8,Gadget & Aksesoris,1650000.0
CINERE,2026-08-22,2026,8,Service,15320000.0
CINERE,2026-08-23,2026,8,Gadget & Aksesoris,2086000.0
CINERE,2026-08-23,2026,8,Service,8994000.0
CINERE,2026-08-24,2026,8,Gadget & Aksesoris,5498000.0
CINERE,2026-08-24,2026,8,Service,9762000.0
CINERE,2026-08-25,2026,8,Gadget & Aksesoris,2116000.0
CINERE,2026-08-25,2026,8,Service,19304000.0
CINERE,2026-08-26,2026,8,Gadget & Aksesoris,505000.0
CINERE,2026-08-26,2026,8,Service,1765000.0
CONDET,2026-07-01,2026,7,Gadget & Aksesoris,10540000.0
CONDET,2026-07-01,2026,7,Service,20180000.0
CONDET,2026-07-02,2026,7,Gadget & Aksesoris,1320000.0
CONDET,2026-07-02,2026,7,Service,13700000.0
CONDET,2026-07-03,2026,7,Gadget & Aksesoris,23398000.0
CONDET,2026-07-03,2026,7,Service,7792000.0
CONDET,2026-07-04,2026,7,Gadget & Aksesoris,27006400.0
CONDET,2026-07-04,2026,7,Service,9098000.0
CONDET,2026-07-05,2026,7,Gadget & Aksesoris,17616000.0
CONDET,2026-07-05,2026,7,Service,8884000.0
CONDET,2026-07-06,2026,7,Gadget & Aksesoris,1412000.0
CONDET,2026-07-06,2026,7,Service,14288000.0
CONDET,2026-07-07,2026,7,Gadget & Aksesoris,764000.0
CONDET,2026-07-07,2026,7,Service,11136000.0
CONDET,2026-07-08,2026,7,Gadget & Aksesoris,650000.0
CONDET,2026-07-08,2026,7,Service,14424000.0
CONDET,2026-07-09,2026,7,Gadget & Aksesoris,1344000.0
CONDET,2026-07-09,2026,7,Service,15466000.0
CONDET,2026-07-10,2026,7,Gadget & Aksesoris,1092000.0
CONDET,2026-07-10,2026,7,Service,15708000.0
CONDET,2026-07-11,2026,7,Gadget & Aksesoris,15496000.0
CONDET,2026-07-11,2026,7,Service,12074000.0
CONDET,2026-07-12,2026,7,Gadget & Aksesoris,12706000.0
CONDET,2026-07-12,2026,7,Service,8544000.0
CONDET,2026-07-13,2026,7,Gadget & Aksesoris,1030000.0
CONDET,2026-07-13,2026,7,Service,15370000.0
CONDET,2026-07-14,2026,7,Gadget & Aksesoris,1750000.0
CONDET,2026-07-14,2026,7,Service,31160000.0
CONDET,2026-07-15,2026,7,Gadget & Aksesoris,108674000.0
CONDET,2026-07-15,2026,7,Service,11508000.0
CONDET,2026-07-16,2026,7,Gadget & Aksesoris,350922000.0
CONDET,2026-07-16,2026,7,Service,14218000.0
CONDET,2026-07-17,2026,7,Gadget & Aksesoris,452000.0
CONDET,2026-07-17,2026,7,Service,9808000.0
CONDET,2026-07-18,2026,7,Gadget & Aksesoris,2160000.0
CONDET,2026-07-18,2026,7,Service,16220000.0
CONDET,2026-07-19,2026,7,Gadget & Aksesoris,36274000.0
CONDET,2026-07-19,2026,7,Service,14496000.0
CONDET,2026-07-20,2026,7,Gadget & Aksesoris,81174000.0
CONDET,2026-07-20,2026,7,Service,2546000.0
CONDET,2026-07-21,2026,7,Gadget & Aksesoris,14750000.0
CONDET,2026-07-21,2026,7,Service,22660000.0
CONDET,2026-07-22,2026,7,Gadget & Aksesoris,3142000.0
CONDET,2026-07-22,2026,7,Service,12622000.0
CONDET,2026-07-23,2026,7,Gadget & Aksesoris,310000.0
CONDET,2026-07-23,2026,7,Service,14140000.0
CONDET,2026-07-24,2026,7,Gadget & Aksesoris,80224000.0
CONDET,2026-07-24,2026,7,Service,14680000.0
CONDET,2026-07-25,2026,7,Gadget & Aksesoris,18970000.0
CONDET,2026-07-25,2026,7,Service,25890000.0
CONDET,2026-07-26,2026,7,Gadget & Aksesoris,1280000.0
CONDET,2026-07-26,2026,7,Service,6460000.0
CONDET,2026-07-27,2026,7,Gadget & Aksesoris,14694000.0
CONDET,2026-07-27,2026,7,Service,11400000.0
CONDET,2026-07-28,2026,7,Gadget & Aksesoris,35621030.0
CONDET,2026-07-28,2026,7,Service,9880000.0
CONDET,2026-07-29,2026,7,Gadget & Aksesoris,8550000.0
CONDET,2026-07-29,2026,7,Service,14410000.0
CONDET,2026-07-30,2026,7,Gadget & Aksesoris,14790000.0
CONDET,2026-07-30,2026,7,Service,28110108.0
CONDET,2026-07-31,2026,7,Gadget & Aksesoris,18686000.0
CONDET,2026-07-31,2026,7,Service,14480000.0
CONDET,2026-08-01,2026,8,Gadget & Aksesoris,10110000.0
CONDET,2026-08-01,2026,8,Service,21370000.0
CONDET,2026-08-02,2026,8,Gadget & Aksesoris,35400000.0
CONDET,2026-08-02,2026,8,Service,15830000.0
CONDET,2026-08-03,2026,8,Gadget & Aksesoris,14019030.0
CONDET,2026-08-03,2026,8,Service,11360000.0
CONDET,2026-08-04,2026,8,Gadget & Aksesoris,4747000.0
CONDET,2026-08-04,2026,8,Service,27060000.0
CONDET,2026-08-05,2026,8,Gadget & Aksesoris,1916000.0
CONDET,2026-08-05,2026,8,Service,20742000.0
CONDET,2026-08-06,2026,8,Gadget & Aksesoris,1700000.0
CONDET,2026-08-06,2026,8,Service,7220000.0
CONDET,2026-08-07,2026,8,Gadget & Aksesoris,1528000.0
CONDET,2026-08-07,2026,8,Service,18112000.0
CONDET,2026-08-08,2026,8,Gadget & Aksesoris,16340000.0
CONDET,2026-08-08,2026,8,Service,16780000.0
CONDET,2026-08-09,2026,8,Gadget & Aksesoris,1330000.0
CONDET,2026-08-09,2026,8,Service,5740000.0
CONDET,2026-08-10,2026,8,Gadget & Aksesoris,12126000.0
CONDET,2026-08-10,2026,8,Service,15974000.0
CONDET,2026-08-11,2026,8,Gadget & Aksesoris,2384000.0
CONDET,2026-08-11,2026,8,Service,14430000.0
CONDET,2026-08-12,2026,8,Gadget & Aksesoris,31510000.0
CONDET,2026-08-12,2026,8,Service,14490000.0
CONDET,2026-08-13,2026,8,Gadget & Aksesoris,1670000.0
CONDET,2026-08-13,2026,8,Service,22016000.0
CONDET,2026-08-14,2026,8,Gadget & Aksesoris,53756000.0
CONDET,2026-08-14,2026,8,Service,10584000.0
CONDET,2026-08-15,2026,8,Gadget & Aksesoris,13444000.0
CONDET,2026-08-15,2026,8,Service,17736000.0
CONDET,2026-08-16,2026,8,Gadget & Aksesoris,35358000.0
CONDET,2026-08-16,2026,8,Service,8442000.0
CONDET,2026-08-17,2026,8,Gadget & Aksesoris,15698000.0
CONDET,2026-08-17,2026,8,Service,16512000.0
CONDET,2026-08-18,2026,8,Gadget & Aksesoris,7862000.0
CONDET,2026-08-18,2026,8,Service,21360000.0
CONDET,2026-08-19,2026,8,Gadget & Aksesoris,2176000.0
CONDET,2026-08-19,2026,8,Service,15213000.0
CONDET,2026-08-20,2026,8,Gadget & Aksesoris,6230000.0
CONDET,2026-08-20,2026,8,Service,11520000.0
CONDET,2026-08-21,2026,8,Gadget & Aksesoris,14049594.0
CONDET,2026-08-21,2026,8,Service,13522000.0
CONDET,2026-08-22,2026,8,Gadget & Aksesoris,1336000.0
CONDET,2026-08-22,2026,8,Service,13524000.0
CONDET,2026-08-23,2026,8,Gadget & Aksesoris,2232000.0
CONDET,2026-08-23,2026,8,Service,22688000.0
CONDET,2026-08-24,2026,8,Gadget & Aksesoris,1136000.0
CONDET,2026-08-24,2026,8,Service,8844000.0
CONDET,2026-08-25,2026,8,Gadget & Aksesoris,8796000.0
CONDET,2026-08-25,2026,8,Service,9464000.0
CONDET,2026-08-26,2026,8,Gadget & Aksesoris,1160000.0
CONDET,2026-08-26,2026,8,Service,8470000.0
DRAMAGA,2026-07-01,2026,7,Gadget & Aksesoris,73440000.0
DRAMAGA,2026-07-01,2026,7,Service,11710000.0
DRAMAGA,2026-07-02,2026,7,Gadget & Aksesoris,3614000.0
DRAMAGA,2026-07-02,2026,7,Service,20586000.0
DRAMAGA,2026-07-03,2026,7,Gadget & Aksesoris,1534000.0
DRAMAGA,2026-07-03,2026,7,Service,10326000.0
DRAMAGA,2026-07-04,2026,7,Gadget & Aksesoris,3030000.0
DRAMAGA,2026-07-04,2026,7,Service,8670000.0
DRAMAGA,2026-07-05,2026,7,Gadget & Aksesoris,2344000.0
DRAMAGA,2026-07-05,2026,7,Service,11356000.0
DRAMAGA,2026-07-06,2026,7,Gadget & Aksesoris,11304000.0
DRAMAGA,2026-07-06,2026,7,Service,4582000.0
DRAMAGA,2026-07-07,2026,7,Gadget & Aksesoris,5698000.0
DRAMAGA,2026-07-07,2026,7,Service,8844000.0
DRAMAGA,2026-07-08,2026,7,Gadget & Aksesoris,1098000.0
DRAMAGA,2026-07-08,2026,7,Service,10442000.0
DRAMAGA,2026-07-09,2026,7,Gadget & Aksesoris,2422000.0
DRAMAGA,2026-07-09,2026,7,Service,13408000.0
DRAMAGA,2026-07-10,2026,7,Gadget & Aksesoris,744000.0
DRAMAGA,2026-07-10,2026,7,Service,7096000.0
DRAMAGA,2026-07-11,2026,7,Gadget & Aksesoris,1480000.0
DRAMAGA,2026-07-11,2026,7,Service,8630000.0
DRAMAGA,2026-07-12,2026,7,Gadget & Aksesoris,1526000.0
DRAMAGA,2026-07-12,2026,7,Service,5494000.0
DRAMAGA,2026-07-13,2026,7,Gadget & Aksesoris,1056000.0
DRAMAGA,2026-07-13,2026,7,Service,8894000.0
DRAMAGA,2026-07-14,2026,7,Gadget & Aksesoris,2190000.0
DRAMAGA,2026-07-14,2026,7,Service,13044000.0
DRAMAGA,2026-07-15,2026,7,Gadget & Aksesoris,1566000.0
DRAMAGA,2026-07-15,2026,7,Service,10944000.0
DRAMAGA,2026-07-16,2026,7,Gadget & Aksesoris,608000.0
DRAMAGA,2026-07-16,2026,7,Service,4382000.0
DRAMAGA,2026-07-17,2026,7,Gadget & Aksesoris,3606000.0
DRAMAGA,2026-07-17,2026,7,Service,28112000.0
DRAMAGA,2026-07-18,2026,7,Gadget & Aksesoris,1084000.0
DRAMAGA,2026-07-18,2026,7,Service,9128000.0
DRAMAGA,2026-07-19,2026,7,Gadget & Aksesoris,978000.0
DRAMAGA,2026-07-19,2026,7,Service,8492000.0
DRAMAGA,2026-07-20,2026,7,Gadget & Aksesoris,33644000.0
DRAMAGA,2026-07-20,2026,7,Service,12626000.0
DRAMAGA,2026-07-21,2026,7,Gadget & Aksesoris,627916000.0
DRAMAGA,2026-07-21,2026,7,Service,7144000.0
DRAMAGA,2026-07-22,2026,7,Gadget & Aksesoris,79770000.0
DRAMAGA,2026-07-22,2026,7,Service,8476000.0
DRAMAGA,2026-07-23,2026,7,Gadget & Aksesoris,1276000.0
DRAMAGA,2026-07-23,2026,7,Service,5374000.0
DRAMAGA,2026-07-24,2026,7,Gadget & Aksesoris,4116000.0
DRAMAGA,2026-07-24,2026,7,Service,4764000.0
DRAMAGA,2026-07-25,2026,7,Gadget & Aksesoris,952000.0
DRAMAGA,2026-07-25,2026,7,Service,4878000.0
DRAMAGA,2026-07-26,2026,7,Gadget & Aksesoris,220000.0
DRAMAGA,2026-07-26,2026,7,Service,4230000.0
DRAMAGA,2026-07-27,2026,7,Gadget & Aksesoris,608000.0
DRAMAGA,2026-07-27,2026,7,Service,9452000.0
DRAMAGA,2026-07-28,2026,7,Gadget & Aksesoris,14766000.0
DRAMAGA,2026-07-28,2026,7,Service,19174000.0
DRAMAGA,2026-07-29,2026,7,Gadget & Aksesoris,3892000.0
DRAMAGA,2026-07-29,2026,7,Service,18728000.0
DRAMAGA,2026-07-30,2026,7,Gadget & Aksesoris,590000.0
DRAMAGA,2026-07-30,2026,7,Service,9270000.0
DRAMAGA,2026-07-31,2026,7,Gadget & Aksesoris,18154000.0
DRAMAGA,2026-07-31,2026,7,Service,11276000.0
DRAMAGA,2026-08-01,2026,8,Gadget & Aksesoris,1722000.0
DRAMAGA,2026-08-01,2026,8,Service,10408000.0
DRAMAGA,2026-08-02,2026,8,Gadget & Aksesoris,9160000.0
DRAMAGA,2026-08-02,2026,8,Service,10460000.0
DRAMAGA,2026-08-03,2026,8,Gadget & Aksesoris,2556000.0
DRAMAGA,2026-08-03,2026,8,Service,5134000.0
DRAMAGA,2026-08-04,2026,8,Gadget & Aksesoris,1040000.0
DRAMAGA,2026-08-04,2026,8,Service,8410000.0
DRAMAGA,2026-08-05,2026,8,Gadget & Aksesoris,23544000.0
DRAMAGA,2026-08-05,2026,8,Service,4596000.0
DRAMAGA,2026-08-06,2026,8,Gadget & Aksesoris,2038000.0
DRAMAGA,2026-08-06,2026,8,Service,12852000.0
DRAMAGA,2026-08-07,2026,8,Gadget & Aksesoris,212100000.0
DRAMAGA,2026-08-07,2026,8,Service,4378000.0
DRAMAGA,2026-08-08,2026,8,Gadget & Aksesoris,2240000.0
DRAMAGA,2026-08-08,2026,8,Service,19510000.0
DRAMAGA,2026-08-09,2026,8,Gadget & Aksesoris,2838000.0
DRAMAGA,2026-08-09,2026,8,Service,12208000.0
DRAMAGA,2026-08-10,2026,8,Gadget & Aksesoris,1368000.0
DRAMAGA,2026-08-10,2026,8,Service,15332000.0
DRAMAGA,2026-08-11,2026,8,Gadget & Aksesoris,2138000.0
DRAMAGA,2026-08-11,2026,8,Service,9892000.0
DRAMAGA,2026-08-12,2026,8,Gadget & Aksesoris,2700000.0
DRAMAGA,2026-08-12,2026,8,Service,9510000.0
DRAMAGA,2026-08-13,2026,8,Gadget & Aksesoris,1214000.0
DRAMAGA,2026-08-13,2026,8,Service,15326000.0
DRAMAGA,2026-08-14,2026,8,Gadget & Aksesoris,2880000.0
DRAMAGA,2026-08-14,2026,8,Service,8930000.0
DRAMAGA,2026-08-15,2026,8,Gadget & Aksesoris,35524000.0
DRAMAGA,2026-08-15,2026,8,Service,8116000.0
DRAMAGA,2026-08-16,2026,8,Gadget & Aksesoris,2450000.0
DRAMAGA,2026-08-16,2026,8,Service,10470000.0
DRAMAGA,2026-08-17,2026,8,Gadget & Aksesoris,3610000.0
DRAMAGA,2026-08-17,2026,8,Service,14075000.0
DRAMAGA,2026-08-18,2026,8,Gadget & Aksesoris,1870000.0
DRAMAGA,2026-08-18,2026,8,Service,11240000.0
DRAMAGA,2026-08-19,2026,8,Gadget & Aksesoris,710000.0
DRAMAGA,2026-08-19,2026,8,Service,4210000.0
DRAMAGA,2026-08-20,2026,8,Gadget & Aksesoris,1550000.0
DRAMAGA,2026-08-20,2026,8,Service,11310000.0
DRAMAGA,2026-08-21,2026,8,Gadget & Aksesoris,1886000.0
DRAMAGA,2026-08-21,2026,8,Service,6084000.0
DRAMAGA,2026-08-22,2026,8,Gadget & Aksesoris,2770000.0
DRAMAGA,2026-08-22,2026,8,Service,8970000.0
DRAMAGA,2026-08-23,2026,8,Gadget & Aksesoris,2148000.0
DRAMAGA,2026-08-23,2026,8,Service,12212000.0
DRAMAGA,2026-08-24,2026,8,Gadget & Aksesoris,3352000.0
DRAMAGA,2026-08-24,2026,8,Service,11538000.0
DRAMAGA,2026-08-25,2026,8,Gadget & Aksesoris,2140000.0
DRAMAGA,2026-08-25,2026,8,Service,15600000.0
DRAMAGA,2026-08-26,2026,8,Gadget & Aksesoris,1645000.0
DRAMAGA,2026-08-26,2026,8,Service,5945000.0
JATIBENING,2026-07-01,2026,7,Gadget & Aksesoris,29079000.0
JATIBENING,2026-07-01,2026,7,Service,16848000.0
JATIBENING,2026-07-02,2026,7,Gadget & Aksesoris,12507000.0
JATIBENING,2026-07-02,2026,7,Service,13470000.0
JATIBENING,2026-07-03,2026,7,Gadget & Aksesoris,7440000.0
JATIBENING,2026-07-03,2026,7,Service,7290000.0
JATIBENING,2026-07-04,2026,7,Gadget & Aksesoris,4665000.0
JATIBENING,2026-07-04,2026,7,Service,38340000.0
JATIBENING,2026-07-05,2026,7,Gadget & Aksesoris,38085000.0
JATIBENING,2026-07-05,2026,7,Service,30435000.0
JATIBENING,2026-07-06,2026,7,Gadget & Aksesoris,17274000.0
JATIBENING,2026-07-06,2026,7,Service,42855000.0
JATIBENING,2026-07-07,2026,7,Gadget & Aksesoris,3000000.0
JATIBENING,2026-07-07,2026,7,Service,30735000.0
JATIBENING,2026-07-08,2026,7,Gadget & Aksesoris,10509000.0
JATIBENING,2026-07-08,2026,7,Service,29595000.0
JATIBENING,2026-07-09,2026,7,Gadget & Aksesoris,31245000.0
JATIBENING,2026-07-09,2026,7,Service,21825000.0
JATIBENING,2026-07-10,2026,7,Gadget & Aksesoris,16170000.0
JATIBENING,2026-07-10,2026,7,Service,23037000.0
JATIBENING,2026-07-11,2026,7,Gadget & Aksesoris,10800000.0
JATIBENING,2026-07-11,2026,7,Service,21351000.0
JATIBENING,2026-07-12,2026,7,Gadget & Aksesoris,27000000.0
JATIBENING,2026-07-12,2026,7,Service,34650000.0
JATIBENING,2026-07-13,2026,7,Gadget & Aksesoris,8925000.0
JATIBENING,2026-07-13,2026,7,Service,13287000.0
JATIBENING,2026-07-14,2026,7,Gadget & Aksesoris,3675000.0
JATIBENING,2026-07-14,2026,7,Service,24600000.0
JATIBENING,2026-07-15,2026,7,Gadget & Aksesoris,3600000.0
JATIBENING,2026-07-15,2026,7,Service,21606000.0
JATIBENING,2026-07-16,2026,7,Gadget & Aksesoris,6420000.0
JATIBENING,2026-07-16,2026,7,Service,14460000.0
JATIBENING,2026-07-17,2026,7,Gadget & Aksesoris,763620000.0
JATIBENING,2026-07-17,2026,7,Service,27795000.0
JATIBENING,2026-07-18,2026,7,Gadget & Aksesoris,14152500.0
JATIBENING,2026-07-18,2026,7,Service,19755000.0
JATIBENING,2026-07-19,2026,7,Gadget & Aksesoris,2865000.0
JATIBENING,2026-07-19,2026,7,Service,10200000.0
JATIBENING,2026-07-20,2026,7,Gadget & Aksesoris,8820000.0
JATIBENING,2026-07-20,2026,7,Service,15180000.0
JATIBENING,2026-07-21,2026,7,Gadget & Aksesoris,2625000.0
JATIBENING,2026-07-21,2026,7,Service,23865000.0
JATIBENING,2026-07-22,2026,7,Gadget & Aksesoris,1545000.0
JATIBENING,2026-07-22,2026,7,Service,14694000.0
JATIBENING,2026-07-23,2026,7,Gadget & Aksesoris,1482000.0
JATIBENING,2026-07-23,2026,7,Service,30600000.0
JATIBENING,2026-07-24,2026,7,Gadget & Aksesoris,8370000.0
JATIBENING,2026-07-24,2026,7,Service,24345000.0
JATIBENING,2026-07-25,2026,7,Gadget & Aksesoris,5448000.0
JATIBENING,2026-07-25,2026,7,Service,33960000.0
JATIBENING,2026-07-26,2026,7,Gadget & Aksesoris,7860000.0
JATIBENING,2026-07-26,2026,7,Service,25140000.0
JATIBENING,2026-07-27,2026,7,Gadget & Aksesoris,1020000.0
JATIBENING,2026-07-27,2026,7,Service,38760000.0
JATIBENING,2026-07-28,2026,7,Gadget & Aksesoris,210000.0
JATIBENING,2026-07-28,2026,7,Service,8955000.0
JATIBENING,2026-07-29,2026,7,Gadget & Aksesoris,7353000.0
JATIBENING,2026-07-29,2026,7,Service,15498000.0
JATIBENING,2026-07-30,2026,7,Gadget & Aksesoris,10710000.0
JATIBENING,2026-07-30,2026,7,Service,9150000.0
JATIBENING,2026-07-31,2026,7,Gadget & Aksesoris,18765000.0
JATIBENING,2026-07-31,2026,7,Service,27513000.0
JATIBENING,2026-08-01,2026,8,Gadget & Aksesoris,9555000.0
JATIBENING,2026-08-01,2026,8,Service,33915000.0
JATIBENING,2026-08-02,2026,8,Gadget & Aksesoris,7515000.0
JATIBENING,2026-08-02,2026,8,Service,17295000.0
JATIBENING,2026-08-03,2026,8,Gadget & Aksesoris,10258500.0
JATIBENING,2026-08-03,2026,8,Service,50551500.0
JATIBENING,2026-08-04,2026,8,Gadget & Aksesoris,10047000.0
JATIBENING,2026-08-04,2026,8,Service,20613000.0
JATIBENING,2026-08-05,2026,8,Gadget & Aksesoris,26925000.0
JATIBENING,2026-08-05,2026,8,Service,31042500.0
JATIBENING,2026-08-06,2026,8,Gadget & Aksesoris,1275000.0
JATIBENING,2026-08-06,2026,8,Service,16200000.0
JATIBENING,2026-08-07,2026,8,Gadget & Aksesoris,2610000.0
JATIBENING,2026-08-07,2026,8,Service,19185000.0
JATIBENING,2026-08-08,2026,8,Gadget & Aksesoris,1590000.0
JATIBENING,2026-08-08,2026,8,Service,22770000.0
JATIBENING,2026-08-09,2026,8,Gadget & Aksesoris,3390000.0
JATIBENING,2026-08-09,2026,8,Service,19920000.0
JATIBENING,2026-08-10,2026,8,Gadget & Aksesoris,3795000.0
JATIBENING,2026-08-10,2026,8,Service,27000000.0
JATIBENING,2026-08-11,2026,8,Gadget & Aksesoris,2070000.0
JATIBENING,2026-08-11,2026,8,Service,19710000.0
JATIBENING,2026-08-12,2026,8,Gadget & Aksesoris,2235000.0
JATIBENING,2026-08-12,2026,8,Service,13170000.0
JATIBENING,2026-08-13,2026,8,Gadget & Aksesoris,9546000.0
JATIBENING,2026-08-13,2026,8,Service,18330000.0
JATIBENING,2026-08-14,2026,8,Gadget & Aksesoris,1860000.0
JATIBENING,2026-08-14,2026,8,Service,16956000.0
JATIBENING,2026-08-15,2026,8,Gadget & Aksesoris,2691000.0
JATIBENING,2026-08-15,2026,8,Service,20715000.0
JATIBENING,2026-08-16,2026,8,Gadget & Aksesoris,1425000.0
JATIBENING,2026-08-16,2026,8,Service,8118000.0
JATIBENING,2026-08-17,2026,8,Gadget & Aksesoris,11160000.0
JATIBENING,2026-08-17,2026,8,Service,19860000.0
JATIBENING,2026-08-18,2026,8,Gadget & Aksesoris,1740000.0
JATIBENING,2026-08-18,2026,8,Service,22530000.0
JATIBENING,2026-08-19,2026,8,Gadget & Aksesoris,7425000.0
JATIBENING,2026-08-19,2026,8,Service,24555000.0
JATIBENING,2026-08-20,2026,8,Gadget & Aksesoris,44535000.0
JATIBENING,2026-08-20,2026,8,Service,23775000.0
JATIBENING,2026-08-21,2026,8,Gadget & Aksesoris,1170000.0
JATIBENING,2026-08-21,2026,8,Service,32745000.0
JATIBENING,2026-08-22,2026,8,Gadget & Aksesoris,25425000.0
JATIBENING,2026-08-22,2026,8,Service,13830000.0
JATIBENING,2026-08-23,2026,8,Gadget & Aksesoris,22605000.0
JATIBENING,2026-08-23,2026,8,Service,17760000.0
JATIBENING,2026-08-24,2026,8,Gadget & Aksesoris,15735000.0
JATIBENING,2026-08-24,2026,8,Service,24813000.0
JATIBENING,2026-08-25,2026,8,Gadget & Aksesoris,3102000.0
JATIBENING,2026-08-25,2026,8,Service,16785000.0
JATIBENING,2026-08-26,2026,8,Gadget & Aksesoris,5645000.0
JATIBENING,2026-08-26,2026,8,Service,5660000.0
JATIMULYA,2026-07-01,2026,7,Gadget & Aksesoris,1960000.0
JATIMULYA,2026-07-01,2026,7,Service,23794000.0
JATIMULYA,2026-07-02,2026,7,Gadget & Aksesoris,1270000.0
JATIMULYA,2026-07-02,2026,7,Service,16392000.0
JATIMULYA,2026-07-03,2026,7,Gadget & Aksesoris,1400000.0
JATIMULYA,2026-07-03,2026,7,Service,10750000.0
JATIMULYA,2026-07-04,2026,7,Gadget & Aksesoris,1490000.0
JATIMULYA,2026-07-04,2026,7,Service,20440000.0
JATIMULYA,2026-07-05,2026,7,Gadget & Aksesoris,970000.0
JATIMULYA,2026-07-05,2026,7,Service,27370000.0
JATIMULYA,2026-07-06,2026,7,Gadget & Aksesoris,2350000.0
JATIMULYA,2026-07-06,2026,7,Service,11950000.0
JATIMULYA,2026-07-07,2026,7,Gadget & Aksesoris,1728000.0
JATIMULYA,2026-07-07,2026,7,Service,16952000.0
JATIMULYA,2026-07-08,2026,7,Gadget & Aksesoris,1044000.0
JATIMULYA,2026-07-08,2026,7,Service,21850000.0
JATIMULYA,2026-07-09,2026,7,Gadget & Aksesoris,1720000.0
JATIMULYA,2026-07-09,2026,7,Service,27016000.0
JATIMULYA,2026-07-10,2026,7,Gadget & Aksesoris,2140000.0
JATIMULYA,2026-07-10,2026,7,Service,22223000.0
JATIMULYA,2026-07-11,2026,7,Gadget & Aksesoris,5480000.0
JATIMULYA,2026-07-11,2026,7,Service,18310000.0
JATIMULYA,2026-07-12,2026,7,Gadget & Aksesoris,1524000.0
JATIMULYA,2026-07-12,2026,7,Service,7876000.0
JATIMULYA,2026-07-13,2026,7,Gadget & Aksesoris,1314000.0
JATIMULYA,2026-07-13,2026,7,Service,24426000.0
JATIMULYA,2026-07-14,2026,7,Gadget & Aksesoris,5506000.0
JATIMULYA,2026-07-14,2026,7,Service,11932000.0
JATIMULYA,2026-07-15,2026,7,Gadget & Aksesoris,13028000.0
JATIMULYA,2026-07-15,2026,7,Service,12508000.0
JATIMULYA,2026-07-16,2026,7,Gadget & Aksesoris,1146000.0
JATIMULYA,2026-07-16,2026,7,Service,15584000.0
JATIMULYA,2026-07-17,2026,7,Gadget & Aksesoris,1028000.0
JATIMULYA,2026-07-17,2026,7,Service,12412000.0
JATIMULYA,2026-07-18,2026,7,Gadget & Aksesoris,1306000.0
JATIMULYA,2026-07-18,2026,7,Service,13244000.0
JATIMULYA,2026-07-19,2026,7,Gadget & Aksesoris,8342000.0
JATIMULYA,2026-07-19,2026,7,Service,6748000.0
JATIMULYA,2026-07-20,2026,7,Gadget & Aksesoris,1472000.0
JATIMULYA,2026-07-20,2026,7,Service,15658000.0
JATIMULYA,2026-07-21,2026,7,Gadget & Aksesoris,1096000.0
JATIMULYA,2026-07-21,2026,7,Service,12106000.0
JATIMULYA,2026-07-22,2026,7,Gadget & Aksesoris,848000.0
JATIMULYA,2026-07-22,2026,7,Service,20702000.0
JATIMULYA,2026-07-23,2026,7,Gadget & Aksesoris,1060000.0
JATIMULYA,2026-07-23,2026,7,Service,25160000.0
JATIMULYA,2026-07-24,2026,7,Gadget & Aksesoris,1114000.0
JATIMULYA,2026-07-24,2026,7,Service,17566000.0
JATIMULYA,2026-07-25,2026,7,Gadget & Aksesoris,2980000.0
JATIMULYA,2026-07-25,2026,7,Service,17340000.0
JATIMULYA,2026-07-26,2026,7,Gadget & Aksesoris,2290000.0
JATIMULYA,2026-07-26,2026,7,Service,21570000.0
JATIMULYA,2026-07-27,2026,7,Gadget & Aksesoris,10980000.0
JATIMULYA,2026-07-27,2026,7,Service,14510000.0
JATIMULYA,2026-07-28,2026,7,Gadget & Aksesoris,2210000.0
JATIMULYA,2026-07-28,2026,7,Service,16040000.0
JATIMULYA,2026-07-29,2026,7,Gadget & Aksesoris,1670000.0
JATIMULYA,2026-07-29,2026,7,Service,8000000.0
JATIMULYA,2026-07-30,2026,7,Gadget & Aksesoris,5272000.0
JATIMULYA,2026-07-30,2026,7,Service,12500000.0
JATIMULYA,2026-07-31,2026,7,Gadget & Aksesoris,75870000.0
JATIMULYA,2026-07-31,2026,7,Service,27530000.0
JATIMULYA,2026-08-01,2026,8,Gadget & Aksesoris,5534000.0
JATIMULYA,2026-08-01,2026,8,Service,12736000.0
JATIMULYA,2026-08-02,2026,8,Gadget & Aksesoris,10380000.0
JATIMULYA,2026-08-02,2026,8,Service,22590000.0
JATIMULYA,2026-08-03,2026,8,Gadget & Aksesoris,1310000.0
JATIMULYA,2026-08-03,2026,8,Service,25930000.0
JATIMULYA,2026-08-04,2026,8,Gadget & Aksesoris,17750000.0
JATIMULYA,2026-08-04,2026,8,Service,14260000.0
JATIMULYA,2026-08-05,2026,8,Gadget & Aksesoris,8092000.0
JATIMULYA,2026-08-05,2026,8,Service,20268000.0
JATIMULYA,2026-08-06,2026,8,Gadget & Aksesoris,1230000.0
JATIMULYA,2026-08-06,2026,8,Service,13050000.0
JATIMULYA,2026-08-07,2026,8,Gadget & Aksesoris,2118000.0
JATIMULYA,2026-08-07,2026,8,Service,31572000.0
JATIMULYA,2026-08-08,2026,8,Gadget & Aksesoris,2296000.0
JATIMULYA,2026-08-08,2026,8,Service,22512000.0
JATIMULYA,2026-08-09,2026,8,Gadget & Aksesoris,21782000.0
JATIMULYA,2026-08-09,2026,8,Service,11498000.0
JATIMULYA,2026-08-10,2026,8,Gadget & Aksesoris,1448000.0
JATIMULYA,2026-08-10,2026,8,Service,14294000.0
JATIMULYA,2026-08-11,2026,8,Gadget & Aksesoris,2272000.0
JATIMULYA,2026-08-11,2026,8,Service,20334000.0
JATIMULYA,2026-08-12,2026,8,Gadget & Aksesoris,6104000.0
JATIMULYA,2026-08-12,2026,8,Service,12536000.0
JATIMULYA,2026-08-13,2026,8,Gadget & Aksesoris,1834000.0
JATIMULYA,2026-08-13,2026,8,Service,10956000.0
JATIMULYA,2026-08-14,2026,8,Gadget & Aksesoris,728000.0
JATIMULYA,2026-08-14,2026,8,Service,16492000.0
JATIMULYA,2026-08-15,2026,8,Gadget & Aksesoris,2082000.0
JATIMULYA,2026-08-15,2026,8,Service,10188000.0
JATIMULYA,2026-08-16,2026,8,Gadget & Aksesoris,194000.0
JATIMULYA,2026-08-16,2026,8,Service,6496000.0
JATIMULYA,2026-08-17,2026,8,Gadget & Aksesoris,1836000.0
JATIMULYA,2026-08-17,2026,8,Service,18731000.0
JATIMULYA,2026-08-18,2026,8,Gadget & Aksesoris,1820200.0
JATIMULYA,2026-08-18,2026,8,Service,13559800.0
JATIMULYA,2026-08-19,2026,8,Gadget & Aksesoris,14156000.0
JATIMULYA,2026-08-19,2026,8,Service,12464000.0
JATIMULYA,2026-08-20,2026,8,Gadget & Aksesoris,680000.0
JATIMULYA,2026-08-20,2026,8,Service,17150000.0
JATIMULYA,2026-08-21,2026,8,Gadget & Aksesoris,1480000.0
JATIMULYA,2026-08-21,2026,8,Service,16752400.0
JATIMULYA,2026-08-22,2026,8,Gadget & Aksesoris,1520000.0
JATIMULYA,2026-08-22,2026,8,Service,14790000.0
JATIMULYA,2026-08-23,2026,8,Gadget & Aksesoris,352000.0
JATIMULYA,2026-08-23,2026,8,Service,8488000.0
JATIMULYA,2026-08-24,2026,8,Gadget & Aksesoris,1441000.0
JATIMULYA,2026-08-24,2026,8,Service,7269000.0
JATIMULYA,2026-08-25,2026,8,Gadget & Aksesoris,1428200.0
JATIMULYA,2026-08-25,2026,8,Service,15041800.0
JATIMULYA,2026-08-26,2026,8,Gadget & Aksesoris,368000.0
JATIMULYA,2026-08-26,2026,8,Service,5572000.0
JATIWARINGIN,2026-07-01,2026,7,Gadget & Aksesoris,4014000.0
JATIWARINGIN,2026-07-01,2026,7,Service,22662000.0
JATIWARINGIN,2026-07-02,2026,7,Gadget & Aksesoris,320000.0
JATIWARINGIN,2026-07-02,2026,7,Service,11220000.0
JATIWARINGIN,2026-07-03,2026,7,Gadget & Aksesoris,1190000.0
JATIWARINGIN,2026-07-03,2026,7,Service,3290000.0
JATIWARINGIN,2026-07-04,2026,7,Gadget & Aksesoris,2960000.0
JATIWARINGIN,2026-07-04,2026,7,Service,12750000.0
JATIWARINGIN,2026-07-05,2026,7,Gadget & Aksesoris,2600000.0
JATIWARINGIN,2026-07-05,2026,7,Service,8910000.0
JATIWARINGIN,2026-07-06,2026,7,Gadget & Aksesoris,3410000.0
JATIWARINGIN,2026-07-06,2026,7,Service,10067000.0
JATIWARINGIN,2026-07-07,2026,7,Gadget & Aksesoris,516000.0
JATIWARINGIN,2026-07-07,2026,7,Service,2294000.0
JATIWARINGIN,2026-07-08,2026,7,Gadget & Aksesoris,1870000.0
JATIWARINGIN,2026-07-08,2026,7,Service,2710000.0
JATIWARINGIN,2026-07-09,2026,7,Gadget & Aksesoris,1476000.0
JATIWARINGIN,2026-07-09,2026,7,Service,12594000.0
JATIWARINGIN,2026-07-10,2026,7,Gadget & Aksesoris,3132000.0
JATIWARINGIN,2026-07-10,2026,7,Service,19078000.0
JATIWARINGIN,2026-07-11,2026,7,Gadget & Aksesoris,1966000.0
JATIWARINGIN,2026-07-11,2026,7,Service,5924000.0
JATIWARINGIN,2026-07-12,2026,7,Gadget & Aksesoris,314000.0
JATIWARINGIN,2026-07-12,2026,7,Service,2826000.0
JATIWARINGIN,2026-07-13,2026,7,Gadget & Aksesoris,2080000.0
JATIWARINGIN,2026-07-13,2026,7,Service,14530000.0
JATIWARINGIN,2026-07-14,2026,7,Gadget & Aksesoris,1228000.0
JATIWARINGIN,2026-07-14,2026,7,Service,8456000.0
JATIWARINGIN,2026-07-15,2026,7,Gadget & Aksesoris,1580000.0
JATIWARINGIN,2026-07-15,2026,7,Service,16360000.0
JATIWARINGIN,2026-07-16,2026,7,Gadget & Aksesoris,522000.0
JATIWARINGIN,2026-07-16,2026,7,Service,3098000.0
JATIWARINGIN,2026-07-17,2026,7,Gadget & Aksesoris,1342000.0
JATIWARINGIN,2026-07-17,2026,7,Service,6568000.0
JATIWARINGIN,2026-07-18,2026,7,Gadget & Aksesoris,1000000.0
JATIWARINGIN,2026-07-18,2026,7,Service,3250000.0
JATIWARINGIN,2026-07-19,2026,7,Gadget & Aksesoris,1140000.0
JATIWARINGIN,2026-07-19,2026,7,Service,4340000.0
JATIWARINGIN,2026-07-20,2026,7,Gadget & Aksesoris,5820000.0
JATIWARINGIN,2026-07-20,2026,7,Service,2030000.0
JATIWARINGIN,2026-07-21,2026,7,Gadget & Aksesoris,446674000.0
JATIWARINGIN,2026-07-21,2026,7,Service,6516000.0
JATIWARINGIN,2026-07-22,2026,7,Gadget & Aksesoris,1558000.0
JATIWARINGIN,2026-07-22,2026,7,Service,8982000.0
JATIWARINGIN,2026-07-23,2026,7,Gadget & Aksesoris,2100000.0
JATIWARINGIN,2026-07-23,2026,7,Service,13800000.0
JATIWARINGIN,2026-07-24,2026,7,Gadget & Aksesoris,780000.0
JATIWARINGIN,2026-07-24,2026,7,Service,4420000.0
JATIWARINGIN,2026-07-25,2026,7,Gadget & Aksesoris,2056000.0
JATIWARINGIN,2026-07-25,2026,7,Service,8524000.0
JATIWARINGIN,2026-07-26,2026,7,Gadget & Aksesoris,2014000.0
JATIWARINGIN,2026-07-26,2026,7,Service,3260000.0
JATIWARINGIN,2026-07-27,2026,7,Gadget & Aksesoris,1380000.0
JATIWARINGIN,2026-07-27,2026,7,Service,9020000.0
JATIWARINGIN,2026-07-28,2026,7,Gadget & Aksesoris,69840000.0
JATIWARINGIN,2026-07-28,2026,7,Service,3900000.0
JATIWARINGIN,2026-07-29,2026,7,Gadget & Aksesoris,2320000.0
JATIWARINGIN,2026-07-29,2026,7,Service,10700000.0
JATIWARINGIN,2026-07-30,2026,7,Gadget & Aksesoris,2020000.0
JATIWARINGIN,2026-07-30,2026,7,Service,4710000.0
JATIWARINGIN,2026-07-31,2026,7,Gadget & Aksesoris,1730000.0
JATIWARINGIN,2026-07-31,2026,7,Service,4900000.0
JATIWARINGIN,2026-08-01,2026,8,Gadget & Aksesoris,11800000.0
JATIWARINGIN,2026-08-01,2026,8,Service,20086400.0
JATIWARINGIN,2026-08-02,2026,8,Gadget & Aksesoris,542000.0
JATIWARINGIN,2026-08-02,2026,8,Service,2198000.0
JATIWARINGIN,2026-08-03,2026,8,Gadget & Aksesoris,13700000.0
JATIWARINGIN,2026-08-03,2026,8,Service,3640000.0
JATIWARINGIN,2026-08-04,2026,8,Gadget & Aksesoris,550000.0
JATIWARINGIN,2026-08-04,2026,8,Service,9442000.0
JATIWARINGIN,2026-08-05,2026,8,Gadget & Aksesoris,1210000.0
JATIWARINGIN,2026-08-05,2026,8,Service,8250000.0
JATIWARINGIN,2026-08-06,2026,8,Gadget & Aksesoris,26480000.0
JATIWARINGIN,2026-08-06,2026,8,Service,4670000.0
JATIWARINGIN,2026-08-07,2026,8,Gadget & Aksesoris,130000.0
JATIWARINGIN,2026-08-07,2026,8,Service,3670000.0
JATIWARINGIN,2026-08-08,2026,8,Gadget & Aksesoris,520000.0
JATIWARINGIN,2026-08-08,2026,8,Service,7980000.0
JATIWARINGIN,2026-08-09,2026,8,Gadget & Aksesoris,620360.0
JATIWARINGIN,2026-08-09,2026,8,Service,4370000.0
JATIWARINGIN,2026-08-10,2026,8,Gadget & Aksesoris,4700000.0
JATIWARINGIN,2026-08-10,2026,8,Service,7180000.0
JATIWARINGIN,2026-08-11,2026,8,Gadget & Aksesoris,2090000.0
JATIWARINGIN,2026-08-11,2026,8,Service,3860000.0
JATIWARINGIN,2026-08-12,2026,8,Gadget & Aksesoris,930000.0
JATIWARINGIN,2026-08-12,2026,8,Service,5560000.0
JATIWARINGIN,2026-08-13,2026,8,Gadget & Aksesoris,32187100.0
JATIWARINGIN,2026-08-13,2026,8,Service,3912000.0
JATIWARINGIN,2026-08-14,2026,8,Gadget & Aksesoris,990000.0
JATIWARINGIN,2026-08-14,2026,8,Service,14764000.0
JATIWARINGIN,2026-08-15,2026,8,Gadget & Aksesoris,770000.0
JATIWARINGIN,2026-08-15,2026,8,Service,9470000.0
JATIWARINGIN,2026-08-16,2026,8,Gadget & Aksesoris,5620000.0
JATIWARINGIN,2026-08-16,2026,8,Service,10500000.0
JATIWARINGIN,2026-08-17,2026,8,Gadget & Aksesoris,480000.0
JATIWARINGIN,2026-08-17,2026,8,Service,3680000.0
JATIWARINGIN,2026-08-18,2026,8,Gadget & Aksesoris,450000.0
JATIWARINGIN,2026-08-18,2026,8,Service,9420000.0
JATIWARINGIN,2026-08-19,2026,8,Gadget & Aksesoris,690000.0
JATIWARINGIN,2026-08-19,2026,8,Service,2210000.0
JATIWARINGIN,2026-08-20,2026,8,Gadget & Aksesoris,780000.0
JATIWARINGIN,2026-08-20,2026,8,Service,4670000.0
JATIWARINGIN,2026-08-21,2026,8,Gadget & Aksesoris,45110000.0
JATIWARINGIN,2026-08-21,2026,8,Service,4600000.0
JATIWARINGIN,2026-08-22,2026,8,Gadget & Aksesoris,1470000.0
JATIWARINGIN,2026-08-22,2026,8,Service,10470000.0
JATIWARINGIN,2026-08-23,2026,8,Gadget & Aksesoris,2022000.0
JATIWARINGIN,2026-08-23,2026,8,Service,8878000.0
JATIWARINGIN,2026-08-24,2026,8,Gadget & Aksesoris,480000.0
JATIWARINGIN,2026-08-24,2026,8,Service,8280000.0
JATIWARINGIN,2026-08-25,2026,8,Gadget & Aksesoris,1002000.0
JATIWARINGIN,2026-08-25,2026,8,Service,6048000.0
JATIWARINGIN,2026-08-26,2026,8,Gadget & Aksesoris,15706500.0
JATIWARINGIN,2026-08-26,2026,8,Service,8707500.0
KLENDER,2026-07-01,2026,7,Gadget & Aksesoris,3162000.0
KLENDER,2026-07-01,2026,7,Service,49090000.0
KLENDER,2026-07-02,2026,7,Gadget & Aksesoris,19030000.0
KLENDER,2026-07-02,2026,7,Service,28140000.0
KLENDER,2026-07-03,2026,7,Gadget & Aksesoris,1670000.0
KLENDER,2026-07-03,2026,7,Service,20620000.0
KLENDER,2026-07-04,2026,7,Gadget & Aksesoris,3166000.0
KLENDER,2026-07-04,2026,7,Service,18740000.0
KLENDER,2026-07-05,2026,7,Gadget & Aksesoris,1646000.0
KLENDER,2026-07-05,2026,7,Service,12740000.0
KLENDER,2026-07-06,2026,7,Gadget & Aksesoris,2688000.0
KLENDER,2026-07-06,2026,7,Service,19240000.0
KLENDER,2026-07-07,2026,7,Gadget & Aksesoris,1504000.0
KLENDER,2026-07-07,2026,7,Service,17560000.0
KLENDER,2026-07-08,2026,7,Gadget & Aksesoris,3408000.0
KLENDER,2026-07-08,2026,7,Service,16380000.0
KLENDER,2026-07-09,2026,7,Gadget & Aksesoris,2806000.0
KLENDER,2026-07-09,2026,7,Service,27924000.0
KLENDER,2026-07-10,2026,7,Gadget & Aksesoris,6856000.0
KLENDER,2026-07-10,2026,7,Service,18570000.0
KLENDER,2026-07-11,2026,7,Gadget & Aksesoris,2786000.0
KLENDER,2026-07-11,2026,7,Service,17230000.0
KLENDER,2026-07-12,2026,7,Gadget & Aksesoris,1294000.0
KLENDER,2026-07-12,2026,7,Service,10794000.0
KLENDER,2026-07-13,2026,7,Gadget & Aksesoris,17184000.0
KLENDER,2026-07-13,2026,7,Service,11990000.0
KLENDER,2026-07-14,2026,7,Gadget & Aksesoris,766000.0
KLENDER,2026-07-14,2026,7,Service,16840000.0
KLENDER,2026-07-15,2026,7,Gadget & Aksesoris,14562000.0
KLENDER,2026-07-15,2026,7,Service,8550000.0
KLENDER,2026-07-16,2026,7,Gadget & Aksesoris,1554000.0
KLENDER,2026-07-16,2026,7,Service,13390000.0
KLENDER,2026-07-17,2026,7,Gadget & Aksesoris,553334000.0
KLENDER,2026-07-17,2026,7,Service,59120000.0
KLENDER,2026-07-18,2026,7,Gadget & Aksesoris,2590000.0
KLENDER,2026-07-18,2026,7,Service,9808000.0
KLENDER,2026-07-19,2026,7,Gadget & Aksesoris,15552000.0
KLENDER,2026-07-19,2026,7,Service,19340000.0
KLENDER,2026-07-20,2026,7,Gadget & Aksesoris,1736000.0
KLENDER,2026-07-20,2026,7,Service,5980000.0
KLENDER,2026-07-21,2026,7,Gadget & Aksesoris,2306000.0
KLENDER,2026-07-21,2026,7,Service,26840000.0
KLENDER,2026-07-22,2026,7,Gadget & Aksesoris,1520000.0
KLENDER,2026-07-22,2026,7,Service,24850000.0
KLENDER,2026-07-23,2026,7,Gadget & Aksesoris,1124000.0
KLENDER,2026-07-23,2026,7,Service,12810000.0
KLENDER,2026-07-24,2026,7,Gadget & Aksesoris,24762000.0
KLENDER,2026-07-24,2026,7,Service,15040000.0
KLENDER,2026-07-25,2026,7,Gadget & Aksesoris,2620000.0
KLENDER,2026-07-25,2026,7,Service,13402000.0
KLENDER,2026-07-26,2026,7,Gadget & Aksesoris,2336000.0
KLENDER,2026-07-26,2026,7,Service,32770000.0
KLENDER,2026-07-27,2026,7,Gadget & Aksesoris,13118000.0
KLENDER,2026-07-27,2026,7,Service,9080000.0
KLENDER,2026-07-28,2026,7,Gadget & Aksesoris,2734000.0
KLENDER,2026-07-28,2026,7,Service,17240000.0
KLENDER,2026-07-29,2026,7,Gadget & Aksesoris,5072000.0
KLENDER,2026-07-29,2026,7,Service,20770000.0
KLENDER,2026-07-30,2026,7,Gadget & Aksesoris,2828000.0
KLENDER,2026-07-30,2026,7,Service,22460000.0
KLENDER,2026-07-31,2026,7,Gadget & Aksesoris,7946000.0
KLENDER,2026-07-31,2026,7,Service,19480000.0
KLENDER,2026-08-01,2026,8,Gadget & Aksesoris,6602000.0
KLENDER,2026-08-01,2026,8,Service,12980000.0
KLENDER,2026-08-02,2026,8,Gadget & Aksesoris,2200000.0
KLENDER,2026-08-02,2026,8,Service,11970000.0
KLENDER,2026-08-03,2026,8,Gadget & Aksesoris,3060000.0
KLENDER,2026-08-03,2026,8,Service,16710000.0
KLENDER,2026-08-04,2026,8,Gadget & Aksesoris,15342050.0
KLENDER,2026-08-04,2026,8,Service,31066000.0
KLENDER,2026-08-05,2026,8,Gadget & Aksesoris,1500000.0
KLENDER,2026-08-05,2026,8,Service,24030000.0
KLENDER,2026-08-06,2026,8,Gadget & Aksesoris,4132000.0
KLENDER,2026-08-06,2026,8,Service,22450000.0
KLENDER,2026-08-07,2026,8,Gadget & Aksesoris,8292000.0
KLENDER,2026-08-07,2026,8,Service,13110000.0
KLENDER,2026-08-08,2026,8,Gadget & Aksesoris,11388000.0
KLENDER,2026-08-08,2026,8,Service,20890000.0
KLENDER,2026-08-09,2026,8,Gadget & Aksesoris,20976000.0
KLENDER,2026-08-09,2026,8,Service,13180000.0
KLENDER,2026-08-10,2026,8,Gadget & Aksesoris,5808000.0
KLENDER,2026-08-10,2026,8,Service,18990000.0
KLENDER,2026-08-11,2026,8,Gadget & Aksesoris,10896000.0
KLENDER,2026-08-11,2026,8,Service,18270000.0
KLENDER,2026-08-12,2026,8,Gadget & Aksesoris,23054000.0
KLENDER,2026-08-12,2026,8,Service,5956000.0
KLENDER,2026-08-13,2026,8,Gadget & Aksesoris,13404000.0
KLENDER,2026-08-13,2026,8,Service,23380000.0
KLENDER,2026-08-14,2026,8,Gadget & Aksesoris,26204000.0
KLENDER,2026-08-14,2026,8,Service,18900000.0
KLENDER,2026-08-15,2026,8,Gadget & Aksesoris,1496000.0
KLENDER,2026-08-15,2026,8,Service,12980000.0
KLENDER,2026-08-16,2026,8,Gadget & Aksesoris,23440000.0
KLENDER,2026-08-16,2026,8,Service,9460000.0
KLENDER,2026-08-17,2026,8,Gadget & Aksesoris,6378000.0
KLENDER,2026-08-17,2026,8,Service,20150000.0
KLENDER,2026-08-18,2026,8,Gadget & Aksesoris,1560000.0
KLENDER,2026-08-18,2026,8,Service,15290000.0
KLENDER,2026-08-19,2026,8,Gadget & Aksesoris,2450000.0
KLENDER,2026-08-19,2026,8,Service,15807000.0
KLENDER,2026-08-20,2026,8,Gadget & Aksesoris,11884000.0
KLENDER,2026-08-20,2026,8,Service,16904000.0
KLENDER,2026-08-21,2026,8,Gadget & Aksesoris,22698000.0
KLENDER,2026-08-21,2026,8,Service,10864500.0
KLENDER,2026-08-22,2026,8,Gadget & Aksesoris,2778000.0
KLENDER,2026-08-22,2026,8,Service,10680000.0
KLENDER,2026-08-23,2026,8,Gadget & Aksesoris,3646000.0
KLENDER,2026-08-23,2026,8,Service,14520000.0
KLENDER,2026-08-24,2026,8,Gadget & Aksesoris,11564000.0
KLENDER,2026-08-24,2026,8,Service,15180000.0
KLENDER,2026-08-25,2026,8,Gadget & Aksesoris,31522000.0
KLENDER,2026-08-25,2026,8,Service,17650000.0
KLENDER,2026-08-26,2026,8,Gadget & Aksesoris,1004000.0
KLENDER,2026-08-26,2026,8,Service,6320000.0
PEJATEN,2026-07-09,2026,7,Gadget & Aksesoris,750000.0
PEJATEN,2026-07-10,2026,7,Gadget & Aksesoris,2028000.0
PEJATEN,2026-07-10,2026,7,Service,5256000.0
PEJATEN,2026-07-11,2026,7,Gadget & Aksesoris,12550000.0
PEJATEN,2026-07-11,2026,7,Service,990000.0
PEJATEN,2026-07-12,2026,7,Gadget & Aksesoris,11066000.0
PEJATEN,2026-07-12,2026,7,Service,1264000.0
PEJATEN,2026-07-13,2026,7,Gadget & Aksesoris,14150000.0
PEJATEN,2026-07-13,2026,7,Service,4170000.0
PEJATEN,2026-07-14,2026,7,Gadget & Aksesoris,8906000.0
PEJATEN,2026-07-14,2026,7,Service,3908000.0
PEJATEN,2026-07-15,2026,7,Gadget & Aksesoris,627600.0
PEJATEN,2026-07-15,2026,7,Service,2372400.0
PEJATEN,2026-07-16,2026,7,Gadget & Aksesoris,234000.0
PEJATEN,2026-07-16,2026,7,Service,2906000.0
PEJATEN,2026-07-17,2026,7,Gadget & Aksesoris,6906000.0
PEJATEN,2026-07-17,2026,7,Service,2742000.0
PEJATEN,2026-07-18,2026,7,Gadget & Aksesoris,506000.0
PEJATEN,2026-07-18,2026,7,Service,3324000.0
PEJATEN,2026-07-19,2026,7,Gadget & Aksesoris,180000.0
PEJATEN,2026-07-19,2026,7,Service,1100000.0
PEJATEN,2026-07-20,2026,7,Gadget & Aksesoris,5756000.0
PEJATEN,2026-07-20,2026,7,Service,4044000.0
PEJATEN,2026-07-21,2026,7,Gadget & Aksesoris,11010000.0
PEJATEN,2026-07-21,2026,7,Service,1180000.0
PEJATEN,2026-07-22,2026,7,Gadget & Aksesoris,558000.0
PEJATEN,2026-07-22,2026,7,Service,6902000.0
PEJATEN,2026-07-23,2026,7,Gadget & Aksesoris,808000.0
PEJATEN,2026-07-23,2026,7,Service,5176000.0
PEJATEN,2026-07-24,2026,7,Gadget & Aksesoris,450000.0
PEJATEN,2026-07-24,2026,7,Service,6770000.0
PEJATEN,2026-07-25,2026,7,Gadget & Aksesoris,196000.0
PEJATEN,2026-07-25,2026,7,Service,2604000.0
PEJATEN,2026-07-26,2026,7,Gadget & Aksesoris,899800.0
PEJATEN,2026-07-26,2026,7,Service,3432000.0
PEJATEN,2026-07-27,2026,7,Gadget & Aksesoris,140000.0
PEJATEN,2026-07-27,2026,7,Service,980000.0
PEJATEN,2026-07-28,2026,7,Gadget & Aksesoris,624000.0
PEJATEN,2026-07-28,2026,7,Service,7836000.0
PEJATEN,2026-07-29,2026,7,Gadget & Aksesoris,400000.0
PEJATEN,2026-07-29,2026,7,Service,9980000.0
PEJATEN,2026-07-30,2026,7,Gadget & Aksesoris,40000.0
PEJATEN,2026-07-30,2026,7,Service,640000.0
PEJATEN,2026-07-31,2026,7,Gadget & Aksesoris,1588000.0
PEJATEN,2026-07-31,2026,7,Service,1860000.0
PEJATEN,2026-08-01,2026,8,Gadget & Aksesoris,31608000.0
PEJATEN,2026-08-01,2026,8,Service,1906000.0
PEJATEN,2026-08-02,2026,8,Gadget & Aksesoris,848000.0
PEJATEN,2026-08-02,2026,8,Service,7618000.0
PEJATEN,2026-08-03,2026,8,Gadget & Aksesoris,650000.0
PEJATEN,2026-08-03,2026,8,Service,3580000.0
PEJATEN,2026-08-04,2026,8,Gadget & Aksesoris,53954000.0
PEJATEN,2026-08-04,2026,8,Service,3022000.0
PEJATEN,2026-08-05,2026,8,Gadget & Aksesoris,200000.0
PEJATEN,2026-08-05,2026,8,Service,3400000.0
PEJATEN,2026-08-06,2026,8,Gadget & Aksesoris,1240000.0
PEJATEN,2026-08-06,2026,8,Service,3870000.0
PEJATEN,2026-08-07,2026,8,Gadget & Aksesoris,440000.0
PEJATEN,2026-08-07,2026,8,Service,4340000.0
PEJATEN,2026-08-08,2026,8,Gadget & Aksesoris,160000.0
PEJATEN,2026-08-08,2026,8,Service,2040000.0
PEJATEN,2026-08-09,2026,8,Gadget & Aksesoris,852000.0
PEJATEN,2026-08-09,2026,8,Service,4230000.0
PEJATEN,2026-08-10,2026,8,Gadget & Aksesoris,336000.0
PEJATEN,2026-08-10,2026,8,Service,2014000.0
PEJATEN,2026-08-11,2026,8,Gadget & Aksesoris,1664000.0
PEJATEN,2026-08-11,2026,8,Service,6502000.0
PEJATEN,2026-08-12,2026,8,Gadget & Aksesoris,888000.0
PEJATEN,2026-08-12,2026,8,Service,860000.0
PEJATEN,2026-08-13,2026,8,Gadget & Aksesoris,14600000.0
PEJATEN,2026-08-13,2026,8,Service,2870000.0
PEJATEN,2026-08-14,2026,8,Gadget & Aksesoris,574000.0
PEJATEN,2026-08-14,2026,8,Service,3282000.0
PEJATEN,2026-08-15,2026,8,Gadget & Aksesoris,78000.0
PEJATEN,2026-08-15,2026,8,Service,722000.0
PEJATEN,2026-08-16,2026,8,Gadget & Aksesoris,448000.0
PEJATEN,2026-08-16,2026,8,Service,1080000.0
PEJATEN,2026-08-17,2026,8,Gadget & Aksesoris,160000.0
PEJATEN,2026-08-17,2026,8,Service,1320000.0
PEJATEN,2026-08-18,2026,8,Gadget & Aksesoris,280000.0
PEJATEN,2026-08-18,2026,8,Service,5130000.0
PEJATEN,2026-08-19,2026,8,Gadget & Aksesoris,786000.0
PEJATEN,2026-08-19,2026,8,Service,5194000.0
PEJATEN,2026-08-20,2026,8,Gadget & Aksesoris,238000.0
PEJATEN,2026-08-20,2026,8,Service,422000.0
PEJATEN,2026-08-21,2026,8,Gadget & Aksesoris,78000.0
PEJATEN,2026-08-21,2026,8,Service,1302000.0
PEJATEN,2026-08-22,2026,8,Gadget & Aksesoris,340000.0
PEJATEN,2026-08-22,2026,8,Service,1400000.0
PEJATEN,2026-08-23,2026,8,Gadget & Aksesoris,180000.0
PEJATEN,2026-08-23,2026,8,Service,1800000.0
PEJATEN,2026-08-24,2026,8,Gadget & Aksesoris,744000.0
PEJATEN,2026-08-24,2026,8,Service,3290000.0
PEJATEN,2026-08-25,2026,8,Gadget & Aksesoris,862000.0
PEJATEN,2026-08-25,2026,8,Service,5158000.0
PEJATEN,2026-08-26,2026,8,Gadget & Aksesoris,150000.0
PEJATEN,2026-08-26,2026,8,Service,920000.0
RADJIMAN,2026-07-01,2026,7,Gadget & Aksesoris,7933000.0
RADJIMAN,2026-07-01,2026,7,Service,10278000.0
RADJIMAN,2026-07-02,2026,7,Gadget & Aksesoris,1116000.0
RADJIMAN,2026-07-02,2026,7,Service,12310000.0
RADJIMAN,2026-07-03,2026,7,Gadget & Aksesoris,2010000.0
RADJIMAN,2026-07-03,2026,7,Service,7640000.0
RADJIMAN,2026-07-04,2026,7,Gadget & Aksesoris,2506000.0
RADJIMAN,2026-07-04,2026,7,Service,8634000.0
RADJIMAN,2026-07-05,2026,7,Gadget & Aksesoris,1502000.0
RADJIMAN,2026-07-05,2026,7,Service,3278000.0
RADJIMAN,2026-07-06,2026,7,Gadget & Aksesoris,6406000.0
RADJIMAN,2026-07-06,2026,7,Service,2094000.0
RADJIMAN,2026-07-07,2026,7,Gadget & Aksesoris,1806000.0
RADJIMAN,2026-07-07,2026,7,Service,8094000.0
RADJIMAN,2026-07-08,2026,7,Gadget & Aksesoris,756000.0
RADJIMAN,2026-07-08,2026,7,Service,4044000.0
RADJIMAN,2026-07-09,2026,7,Gadget & Aksesoris,1540000.0
RADJIMAN,2026-07-09,2026,7,Service,4720000.0
RADJIMAN,2026-07-10,2026,7,Gadget & Aksesoris,1660000.0
RADJIMAN,2026-07-10,2026,7,Service,5760000.0
RADJIMAN,2026-07-11,2026,7,Gadget & Aksesoris,1934000.0
RADJIMAN,2026-07-11,2026,7,Service,5000000.0
RADJIMAN,2026-07-12,2026,7,Gadget & Aksesoris,3192000.0
RADJIMAN,2026-07-12,2026,7,Service,7988000.0
RADJIMAN,2026-07-13,2026,7,Gadget & Aksesoris,1126000.0
RADJIMAN,2026-07-13,2026,7,Service,4164000.0
RADJIMAN,2026-07-14,2026,7,Gadget & Aksesoris,638304000.0
RADJIMAN,2026-07-14,2026,7,Service,9656000.0
RADJIMAN,2026-07-15,2026,7,Gadget & Aksesoris,1076000.0
RADJIMAN,2026-07-15,2026,7,Service,3124000.0
RADJIMAN,2026-07-16,2026,7,Gadget & Aksesoris,642938000.0
RADJIMAN,2026-07-16,2026,7,Service,8788000.0
RADJIMAN,2026-07-17,2026,7,Gadget & Aksesoris,9706000.0
RADJIMAN,2026-07-17,2026,7,Service,6474000.0
RADJIMAN,2026-07-18,2026,7,Gadget & Aksesoris,800000.0
RADJIMAN,2026-07-18,2026,7,Service,8760000.0
RADJIMAN,2026-07-19,2026,7,Gadget & Aksesoris,1040000.0
RADJIMAN,2026-07-19,2026,7,Service,5210000.0
RADJIMAN,2026-07-20,2026,7,Gadget & Aksesoris,1220000.0
RADJIMAN,2026-07-20,2026,7,Service,4370000.0
RADJIMAN,2026-07-21,2026,7,Gadget & Aksesoris,1010000.0
RADJIMAN,2026-07-21,2026,7,Service,3400000.0
RADJIMAN,2026-07-22,2026,7,Gadget & Aksesoris,2176000.0
RADJIMAN,2026-07-22,2026,7,Service,5234000.0
RADJIMAN,2026-07-23,2026,7,Gadget & Aksesoris,2450000.0
RADJIMAN,2026-07-23,2026,7,Service,6190000.0
RADJIMAN,2026-07-24,2026,7,Gadget & Aksesoris,16430000.0
RADJIMAN,2026-07-24,2026,7,Service,4690000.0
RADJIMAN,2026-07-25,2026,7,Gadget & Aksesoris,2620000.0
RADJIMAN,2026-07-25,2026,7,Service,7540000.0
RADJIMAN,2026-07-26,2026,7,Gadget & Aksesoris,1350000.0
RADJIMAN,2026-07-26,2026,7,Service,6230000.0
RADJIMAN,2026-07-27,2026,7,Gadget & Aksesoris,21190000.0
RADJIMAN,2026-07-27,2026,7,Service,5310000.0
RADJIMAN,2026-07-28,2026,7,Gadget & Aksesoris,1966000.0
RADJIMAN,2026-07-28,2026,7,Service,8114000.0
RADJIMAN,2026-07-29,2026,7,Gadget & Aksesoris,62250000.0
RADJIMAN,2026-07-29,2026,7,Service,3310000.0
RADJIMAN,2026-07-30,2026,7,Gadget & Aksesoris,1618000.0
RADJIMAN,2026-07-30,2026,7,Service,5252000.0
RADJIMAN,2026-07-31,2026,7,Gadget & Aksesoris,32170000.0
RADJIMAN,2026-07-31,2026,7,Service,10920000.0
RADJIMAN,2026-08-01,2026,8,Gadget & Aksesoris,10310000.0
RADJIMAN,2026-08-01,2026,8,Service,5080000.0
RADJIMAN,2026-08-02,2026,8,Gadget & Aksesoris,2834000.0
RADJIMAN,2026-08-02,2026,8,Service,5186000.0
RADJIMAN,2026-08-03,2026,8,Gadget & Aksesoris,1696000.0
RADJIMAN,2026-08-03,2026,8,Service,4794000.0
RADJIMAN,2026-08-04,2026,8,Gadget & Aksesoris,446000.0
RADJIMAN,2026-08-04,2026,8,Service,1354000.0
RADJIMAN,2026-08-05,2026,8,Gadget & Aksesoris,2408000.0
RADJIMAN,2026-08-05,2026,8,Service,6332000.0
RADJIMAN,2026-08-06,2026,8,Gadget & Aksesoris,239065000.0
RADJIMAN,2026-08-06,2026,8,Service,9630000.0
RADJIMAN,2026-08-07,2026,8,Gadget & Aksesoris,1510000.0
RADJIMAN,2026-08-07,2026,8,Service,18340000.0
RADJIMAN,2026-08-08,2026,8,Gadget & Aksesoris,960000.0
RADJIMAN,2026-08-08,2026,8,Service,3960000.0
RADJIMAN,2026-08-09,2026,8,Gadget & Aksesoris,2300000.0
RADJIMAN,2026-08-09,2026,8,Service,8520000.0
RADJIMAN,2026-08-10,2026,8,Gadget & Aksesoris,1100000.0
RADJIMAN,2026-08-10,2026,8,Service,4910000.0
RADJIMAN,2026-08-11,2026,8,Gadget & Aksesoris,2490000.0
RADJIMAN,2026-08-11,2026,8,Service,5820000.0
RADJIMAN,2026-08-12,2026,8,Gadget & Aksesoris,1910000.0
RADJIMAN,2026-08-12,2026,8,Service,6170000.0
RADJIMAN,2026-08-13,2026,8,Gadget & Aksesoris,4810000.0
RADJIMAN,2026-08-13,2026,8,Service,7155000.0
RADJIMAN,2026-08-14,2026,8,Gadget & Aksesoris,1220000.0
RADJIMAN,2026-08-14,2026,8,Service,4760000.0
RADJIMAN,2026-08-15,2026,8,Gadget & Aksesoris,1820000.0
RADJIMAN,2026-08-15,2026,8,Service,12235000.0
RADJIMAN,2026-08-16,2026,8,Gadget & Aksesoris,2100000.0
RADJIMAN,2026-08-16,2026,8,Service,5890000.0
RADJIMAN,2026-08-17,2026,8,Gadget & Aksesoris,1190000.0
RADJIMAN,2026-08-17,2026,8,Service,5810000.0
RADJIMAN,2026-08-18,2026,8,Gadget & Aksesoris,2290000.0
RADJIMAN,2026-08-18,2026,8,Service,4020000.0
RADJIMAN,2026-08-19,2026,8,Gadget & Aksesoris,3520000.0
RADJIMAN,2026-08-19,2026,8,Service,10055000.0
RADJIMAN,2026-08-20,2026,8,Gadget & Aksesoris,1510000.0
RADJIMAN,2026-08-20,2026,8,Service,3986000.0
RADJIMAN,2026-08-21,2026,8,Gadget & Aksesoris,2340000.0
RADJIMAN,2026-08-21,2026,8,Service,5720000.0
RADJIMAN,2026-08-22,2026,8,Gadget & Aksesoris,3540000.0
RADJIMAN,2026-08-22,2026,8,Service,5300000.0
RADJIMAN,2026-08-23,2026,8,Gadget & Aksesoris,500000.0
RADJIMAN,2026-08-23,2026,8,Service,3106000.0
RADJIMAN,2026-08-24,2026,8,Gadget & Aksesoris,1210000.0
RADJIMAN,2026-08-24,2026,8,Service,4545000.0
RADJIMAN,2026-08-25,2026,8,Gadget & Aksesoris,1390000.0
RADJIMAN,2026-08-25,2026,8,Service,4250000.0
RADJIMAN,2026-08-26,2026,8,Gadget & Aksesoris,1340000.0
RADJIMAN,2026-08-26,2026,8,Service,1920000.0
SAWANGAN,2026-07-01,2026,7,Gadget & Aksesoris,4480000.0
SAWANGAN,2026-07-01,2026,7,Service,13920000.0
SAWANGAN,2026-07-02,2026,7,Gadget & Aksesoris,640000.0
SAWANGAN,2026-07-02,2026,7,Service,14344000.0
SAWANGAN,2026-07-03,2026,7,Gadget & Aksesoris,15974000.0
SAWANGAN,2026-07-03,2026,7,Service,21490000.0
SAWANGAN,2026-07-04,2026,7,Gadget & Aksesoris,2020000.0
SAWANGAN,2026-07-04,2026,7,Service,25040000.0
SAWANGAN,2026-07-05,2026,7,Gadget & Aksesoris,2346000.0
SAWANGAN,2026-07-05,2026,7,Service,18564000.0
SAWANGAN,2026-07-06,2026,7,Gadget & Aksesoris,2278000.0
SAWANGAN,2026-07-06,2026,7,Service,14132000.0
SAWANGAN,2026-07-07,2026,7,Gadget & Aksesoris,1894000.0
SAWANGAN,2026-07-07,2026,7,Service,12798000.0
SAWANGAN,2026-07-08,2026,7,Gadget & Aksesoris,6780000.0
SAWANGAN,2026-07-08,2026,7,Service,14930000.0
SAWANGAN,2026-07-09,2026,7,Gadget & Aksesoris,1968000.0
SAWANGAN,2026-07-09,2026,7,Service,26246000.0
SAWANGAN,2026-07-10,2026,7,Gadget & Aksesoris,8854000.0
SAWANGAN,2026-07-10,2026,7,Service,20594000.0
SAWANGAN,2026-07-11,2026,7,Gadget & Aksesoris,1886000.0
SAWANGAN,2026-07-11,2026,7,Service,25314000.0
SAWANGAN,2026-07-12,2026,7,Gadget & Aksesoris,2334000.0
SAWANGAN,2026-07-12,2026,7,Service,20826000.0
SAWANGAN,2026-07-13,2026,7,Gadget & Aksesoris,22104000.0
SAWANGAN,2026-07-13,2026,7,Service,16196000.0
SAWANGAN,2026-07-14,2026,7,Gadget & Aksesoris,1066000.0
SAWANGAN,2026-07-14,2026,7,Service,12217872.4
SAWANGAN,2026-07-15,2026,7,Gadget & Aksesoris,15090000.0
SAWANGAN,2026-07-15,2026,7,Service,43001680.0
SAWANGAN,2026-07-16,2026,7,Gadget & Aksesoris,2310000.0
SAWANGAN,2026-07-16,2026,7,Service,11440000.0
SAWANGAN,2026-07-17,2026,7,Gadget & Aksesoris,840000.0
SAWANGAN,2026-07-17,2026,7,Service,15220000.0
SAWANGAN,2026-07-18,2026,7,Gadget & Aksesoris,1000000.0
SAWANGAN,2026-07-18,2026,7,Service,10210000.0
SAWANGAN,2026-07-19,2026,7,Gadget & Aksesoris,2260000.0
SAWANGAN,2026-07-19,2026,7,Service,11190000.0
SAWANGAN,2026-07-20,2026,7,Gadget & Aksesoris,374671000.0
SAWANGAN,2026-07-20,2026,7,Service,9140000.0
SAWANGAN,2026-07-21,2026,7,Gadget & Aksesoris,17559460.0
SAWANGAN,2026-07-21,2026,7,Service,7980000.0
SAWANGAN,2026-07-22,2026,7,Gadget & Aksesoris,2130000.0
SAWANGAN,2026-07-22,2026,7,Service,10910000.0
SAWANGAN,2026-07-23,2026,7,Gadget & Aksesoris,21600000.0
SAWANGAN,2026-07-23,2026,7,Service,13170000.0
SAWANGAN,2026-07-24,2026,7,Gadget & Aksesoris,938000.0
SAWANGAN,2026-07-24,2026,7,Service,27912000.0
SAWANGAN,2026-07-25,2026,7,Gadget & Aksesoris,25061498.0
SAWANGAN,2026-07-25,2026,7,Service,11370000.0
SAWANGAN,2026-07-26,2026,7,Gadget & Aksesoris,3600000.0
SAWANGAN,2026-07-26,2026,7,Service,25110000.0
SAWANGAN,2026-07-27,2026,7,Gadget & Aksesoris,1346000.0
SAWANGAN,2026-07-27,2026,7,Service,17394000.0
SAWANGAN,2026-07-28,2026,7,Gadget & Aksesoris,11158000.0
SAWANGAN,2026-07-28,2026,7,Service,17692000.0
SAWANGAN,2026-07-29,2026,7,Gadget & Aksesoris,9006000.0
SAWANGAN,2026-07-29,2026,7,Service,19044000.0
SAWANGAN,2026-07-30,2026,7,Gadget & Aksesoris,82146000.0
SAWANGAN,2026-07-30,2026,7,Service,15794000.0
SAWANGAN,2026-07-31,2026,7,Gadget & Aksesoris,80462000.0
SAWANGAN,2026-07-31,2026,7,Service,12748000.0
SAWANGAN,2026-08-01,2026,8,Gadget & Aksesoris,29156000.0
SAWANGAN,2026-08-01,2026,8,Service,13364000.0
SAWANGAN,2026-08-02,2026,8,Gadget & Aksesoris,1148000.0
SAWANGAN,2026-08-02,2026,8,Service,11962000.0
SAWANGAN,2026-08-03,2026,8,Gadget & Aksesoris,1474000.0
SAWANGAN,2026-08-03,2026,8,Service,10306000.0
SAWANGAN,2026-08-04,2026,8,Gadget & Aksesoris,6720000.0
SAWANGAN,2026-08-04,2026,8,Service,11020000.0
SAWANGAN,2026-08-05,2026,8,Gadget & Aksesoris,9434000.0
SAWANGAN,2026-08-05,2026,8,Service,21695200.0
SAWANGAN,2026-08-06,2026,8,Gadget & Aksesoris,10260000.0
SAWANGAN,2026-08-06,2026,8,Service,10920000.0
SAWANGAN,2026-08-07,2026,8,Gadget & Aksesoris,57180000.0
SAWANGAN,2026-08-07,2026,8,Service,12830000.0
SAWANGAN,2026-08-08,2026,8,Gadget & Aksesoris,1914000.0
SAWANGAN,2026-08-08,2026,8,Service,23826000.0
SAWANGAN,2026-08-09,2026,8,Gadget & Aksesoris,2812000.0
SAWANGAN,2026-08-09,2026,8,Service,15388000.0
SAWANGAN,2026-08-10,2026,8,Gadget & Aksesoris,16144000.0
SAWANGAN,2026-08-10,2026,8,Service,9366000.0
SAWANGAN,2026-08-11,2026,8,Gadget & Aksesoris,868000.0
SAWANGAN,2026-08-11,2026,8,Service,13822000.0
SAWANGAN,2026-08-12,2026,8,Gadget & Aksesoris,1516000.0
SAWANGAN,2026-08-12,2026,8,Service,11654000.0
SAWANGAN,2026-08-13,2026,8,Gadget & Aksesoris,1252000.0
SAWANGAN,2026-08-13,2026,8,Service,15318000.0
SAWANGAN,2026-08-14,2026,8,Gadget & Aksesoris,10720000.0
SAWANGAN,2026-08-14,2026,8,Service,10210000.0
SAWANGAN,2026-08-15,2026,8,Gadget & Aksesoris,660000.0
SAWANGAN,2026-08-15,2026,8,Service,24920000.0
SAWANGAN,2026-08-16,2026,8,Gadget & Aksesoris,1570000.0
SAWANGAN,2026-08-16,2026,8,Service,24188000.0
SAWANGAN,2026-08-17,2026,8,Gadget & Aksesoris,510000.0
SAWANGAN,2026-08-17,2026,8,Service,9300000.0
SAWANGAN,2026-08-18,2026,8,Gadget & Aksesoris,23940000.0
SAWANGAN,2026-08-18,2026,8,Service,13050000.0
SAWANGAN,2026-08-19,2026,8,Gadget & Aksesoris,1924000.0
SAWANGAN,2026-08-19,2026,8,Service,16530000.0
SAWANGAN,2026-08-20,2026,8,Gadget & Aksesoris,1040000.0
SAWANGAN,2026-08-20,2026,8,Service,8420000.0
SAWANGAN,2026-08-21,2026,8,Gadget & Aksesoris,320000.0
SAWANGAN,2026-08-21,2026,8,Service,9540000.0
SAWANGAN,2026-08-22,2026,8,Gadget & Aksesoris,1180000.0
SAWANGAN,2026-08-22,2026,8,Service,9430000.0
SAWANGAN,2026-08-23,2026,8,Gadget & Aksesoris,2238000.0
SAWANGAN,2026-08-23,2026,8,Service,15225000.0
SAWANGAN,2026-08-24,2026,8,Gadget & Aksesoris,1100000.0
SAWANGAN,2026-08-24,2026,8,Service,13530000.0
SAWANGAN,2026-08-25,2026,8,Gadget & Aksesoris,13000000.0
SAWANGAN,2026-08-25,2026,8,Service,10150000.0
SAWANGAN,2026-08-26,2026,8,Gadget & Aksesoris,11355000.0
SAWANGAN,2026-08-26,2026,8,Service,9000000.0
TELUKJ,2026-07-01,2026,7,Gadget & Aksesoris,2054000.0
TELUKJ,2026-07-01,2026,7,Service,20210000.0
TELUKJ,2026-07-02,2026,7,Gadget & Aksesoris,2290000.0
TELUKJ,2026-07-02,2026,7,Service,18510000.0
TELUKJ,2026-07-03,2026,7,Gadget & Aksesoris,1918022.0
TELUKJ,2026-07-03,2026,7,Service,13466000.0
TELUKJ,2026-07-04,2026,7,Gadget & Aksesoris,1414000.0
TELUKJ,2026-07-04,2026,7,Service,10386000.0
TELUKJ,2026-07-05,2026,7,Gadget & Aksesoris,3032000.0
TELUKJ,2026-07-05,2026,7,Service,14988000.0
TELUKJ,2026-07-06,2026,7,Gadget & Aksesoris,21684000.0
TELUKJ,2026-07-06,2026,7,Service,12044000.0
TELUKJ,2026-07-07,2026,7,Gadget & Aksesoris,3026000.0
TELUKJ,2026-07-07,2026,7,Service,12328000.0
TELUKJ,2026-07-08,2026,7,Gadget & Aksesoris,21154000.0
TELUKJ,2026-07-08,2026,7,Service,9968000.0
TELUKJ,2026-07-09,2026,7,Gadget & Aksesoris,4522000.0
TELUKJ,2026-07-09,2026,7,Service,13500000.0
TELUKJ,2026-07-10,2026,7,Gadget & Aksesoris,1526000.0
TELUKJ,2026-07-10,2026,7,Service,16525000.0
TELUKJ,2026-07-11,2026,7,Gadget & Aksesoris,12616000.0
TELUKJ,2026-07-11,2026,7,Service,10490000.0
TELUKJ,2026-07-12,2026,7,Gadget & Aksesoris,4502000.0
TELUKJ,2026-07-12,2026,7,Service,7735000.0
TELUKJ,2026-07-13,2026,7,Gadget & Aksesoris,2678000.0
TELUKJ,2026-07-13,2026,7,Service,10090000.0
TELUKJ,2026-07-14,2026,7,Gadget & Aksesoris,8880000.0
TELUKJ,2026-07-14,2026,7,Service,9354000.0
TELUKJ,2026-07-15,2026,7,Gadget & Aksesoris,2158000.0
TELUKJ,2026-07-15,2026,7,Service,6982000.0
TELUKJ,2026-07-16,2026,7,Gadget & Aksesoris,9278000.0
TELUKJ,2026-07-16,2026,7,Service,6382000.0
TELUKJ,2026-07-17,2026,7,Gadget & Aksesoris,26918000.0
TELUKJ,2026-07-17,2026,7,Service,11140000.0
TELUKJ,2026-07-18,2026,7,Gadget & Aksesoris,4022000.0
TELUKJ,2026-07-18,2026,7,Service,23204000.0
TELUKJ,2026-07-19,2026,7,Gadget & Aksesoris,6210000.0
TELUKJ,2026-07-19,2026,7,Service,15924000.0
TELUKJ,2026-07-20,2026,7,Gadget & Aksesoris,3640000.0
TELUKJ,2026-07-20,2026,7,Service,22452000.0
TELUKJ,2026-07-21,2026,7,Gadget & Aksesoris,1714000.0
TELUKJ,2026-07-21,2026,7,Service,5496000.0
TELUKJ,2026-07-22,2026,7,Gadget & Aksesoris,2094000.0
TELUKJ,2026-07-22,2026,7,Service,7908000.0
TELUKJ,2026-07-23,2026,7,Gadget & Aksesoris,2442000.0
TELUKJ,2026-07-23,2026,7,Service,9068000.0
TELUKJ,2026-07-24,2026,7,Gadget & Aksesoris,17558000.0
TELUKJ,2026-07-24,2026,7,Service,6732000.0
TELUKJ,2026-07-25,2026,7,Gadget & Aksesoris,23210000.0
TELUKJ,2026-07-25,2026,7,Service,10080000.0
TELUKJ,2026-07-26,2026,7,Gadget & Aksesoris,1552000.0
TELUKJ,2026-07-26,2026,7,Service,10058000.0
TELUKJ,2026-07-27,2026,7,Gadget & Aksesoris,7040000.0
TELUKJ,2026-07-27,2026,7,Service,6012000.0
TELUKJ,2026-07-28,2026,7,Gadget & Aksesoris,3320000.0
TELUKJ,2026-07-28,2026,7,Service,10256000.0
TELUKJ,2026-07-29,2026,7,Gadget & Aksesoris,1062000.0
TELUKJ,2026-07-29,2026,7,Service,7790000.0
TELUKJ,2026-07-30,2026,7,Gadget & Aksesoris,2944000.0
TELUKJ,2026-07-30,2026,7,Service,13706000.0
TELUKJ,2026-07-31,2026,7,Gadget & Aksesoris,10330000.0
TELUKJ,2026-07-31,2026,7,Service,19024000.0
TELUKJ,2026-08-01,2026,8,Gadget & Aksesoris,21760000.0
TELUKJ,2026-08-01,2026,8,Service,15116000.0
TELUKJ,2026-08-02,2026,8,Gadget & Aksesoris,2856000.0
TELUKJ,2026-08-02,2026,8,Service,17450000.0
TELUKJ,2026-08-03,2026,8,Gadget & Aksesoris,2068000.0
TELUKJ,2026-08-03,2026,8,Service,19440000.0
TELUKJ,2026-08-04,2026,8,Gadget & Aksesoris,1466000.0
TELUKJ,2026-08-04,2026,8,Service,7968000.0
TELUKJ,2026-08-05,2026,8,Gadget & Aksesoris,1340000.0
TELUKJ,2026-08-05,2026,8,Service,17805400.0
TELUKJ,2026-08-06,2026,8,Gadget & Aksesoris,3210000.0
TELUKJ,2026-08-06,2026,8,Service,13100000.0
TELUKJ,2026-08-07,2026,8,Gadget & Aksesoris,6990000.0
TELUKJ,2026-08-07,2026,8,Service,15418000.0
TELUKJ,2026-08-08,2026,8,Gadget & Aksesoris,9360000.0
TELUKJ,2026-08-08,2026,8,Service,20800000.0
TELUKJ,2026-08-09,2026,8,Gadget & Aksesoris,2550000.0
TELUKJ,2026-08-09,2026,8,Service,22700000.0
TELUKJ,2026-08-10,2026,8,Gadget & Aksesoris,2390000.0
TELUKJ,2026-08-10,2026,8,Service,10990000.0
TELUKJ,2026-08-11,2026,8,Gadget & Aksesoris,7632000.0
TELUKJ,2026-08-11,2026,8,Service,21330000.0
TELUKJ,2026-08-12,2026,8,Gadget & Aksesoris,2090000.0
TELUKJ,2026-08-12,2026,8,Service,12272000.0
TELUKJ,2026-08-13,2026,8,Gadget & Aksesoris,6610000.0
TELUKJ,2026-08-13,2026,8,Service,21940000.0
TELUKJ,2026-08-14,2026,8,Gadget & Aksesoris,35270000.0
TELUKJ,2026-08-14,2026,8,Service,15400000.0
TELUKJ,2026-08-15,2026,8,Gadget & Aksesoris,1920000.0
TELUKJ,2026-08-15,2026,8,Service,4230000.0
TELUKJ,2026-08-16,2026,8,Gadget & Aksesoris,1810000.0
TELUKJ,2026-08-16,2026,8,Service,14260000.0
TELUKJ,2026-08-17,2026,8,Gadget & Aksesoris,1590000.0
TELUKJ,2026-08-17,2026,8,Service,12022000.0
TELUKJ,2026-08-18,2026,8,Gadget & Aksesoris,3116000.0
TELUKJ,2026-08-18,2026,8,Service,10060000.0
TELUKJ,2026-08-19,2026,8,Gadget & Aksesoris,2780000.0
TELUKJ,2026-08-19,2026,8,Service,12530000.0
TELUKJ,2026-08-20,2026,8,Gadget & Aksesoris,1140000.0
TELUKJ,2026-08-20,2026,8,Service,9952000.0
TELUKJ,2026-08-21,2026,8,Gadget & Aksesoris,1710000.0
TELUKJ,2026-08-21,2026,8,Service,11532000.0
TELUKJ,2026-08-22,2026,8,Gadget & Aksesoris,6880000.0
TELUKJ,2026-08-22,2026,8,Service,11460000.0
TELUKJ,2026-08-23,2026,8,Gadget & Aksesoris,3760000.0
TELUKJ,2026-08-23,2026,8,Service,9120000.0
TELUKJ,2026-08-24,2026,8,Gadget & Aksesoris,2130000.0
TELUKJ,2026-08-24,2026,8,Service,8230000.0
TELUKJ,2026-08-25,2026,8,Gadget & Aksesoris,3697000.0
TELUKJ,2026-08-25,2026,8,Service,20478000.0
TELUKJ,2026-08-26,2026,8,Gadget & Aksesoris,1628000.0
TELUKJ,2026-08-26,2026,8,Service,7250000.0
WARBONG,2026-07-01,2026,7,Gadget & Aksesoris,1776000.0
WARBONG,2026-07-01,2026,7,Service,13634000.0
WARBONG,2026-07-02,2026,7,Gadget & Aksesoris,2098000.0
WARBONG,2026-07-02,2026,7,Service,9733000.0
WARBONG,2026-07-03,2026,7,Gadget & Aksesoris,9250000.0
WARBONG,2026-07-03,2026,7,Service,9330000.0
WARBONG,2026-07-04,2026,7,Gadget & Aksesoris,580000.0
WARBONG,2026-07-04,2026,7,Service,12135058.0
WARBONG,2026-07-05,2026,7,Gadget & Aksesoris,1640000.0
WARBONG,2026-07-05,2026,7,Service,9770000.0
WARBONG,2026-07-06,2026,7,Gadget & Aksesoris,27680000.0
WARBONG,2026-07-06,2026,7,Service,15670000.0
WARBONG,2026-07-07,2026,7,Gadget & Aksesoris,53940000.0
WARBONG,2026-07-07,2026,7,Service,20470000.0
WARBONG,2026-07-08,2026,7,Gadget & Aksesoris,341380000.0
WARBONG,2026-07-08,2026,7,Service,9220000.0
WARBONG,2026-07-09,2026,7,Gadget & Aksesoris,590000.0
WARBONG,2026-07-09,2026,7,Service,14560000.0
WARBONG,2026-07-10,2026,7,Gadget & Aksesoris,730000.0
WARBONG,2026-07-10,2026,7,Service,9740000.0
WARBONG,2026-07-11,2026,7,Gadget & Aksesoris,34522000.0
WARBONG,2026-07-11,2026,7,Service,6310000.0
WARBONG,2026-07-12,2026,7,Gadget & Aksesoris,22310000.0
WARBONG,2026-07-12,2026,7,Service,12820000.0
WARBONG,2026-07-13,2026,7,Gadget & Aksesoris,13220000.0
WARBONG,2026-07-13,2026,7,Service,13200000.0
WARBONG,2026-07-14,2026,7,Gadget & Aksesoris,1282000.0
WARBONG,2026-07-14,2026,7,Service,11508000.0
WARBONG,2026-07-15,2026,7,Gadget & Aksesoris,2188000.0
WARBONG,2026-07-15,2026,7,Service,12550000.0
WARBONG,2026-07-16,2026,7,Gadget & Aksesoris,740000.0
WARBONG,2026-07-16,2026,7,Service,2740000.0
WARBONG,2026-07-17,2026,7,Gadget & Aksesoris,508536000.0
WARBONG,2026-07-17,2026,7,Service,13096700.0
WARBONG,2026-07-18,2026,7,Gadget & Aksesoris,1479000.0
WARBONG,2026-07-18,2026,7,Service,9136000.0
WARBONG,2026-07-19,2026,7,Gadget & Aksesoris,2030000.0
WARBONG,2026-07-19,2026,7,Service,7710000.0
WARBONG,2026-07-20,2026,7,Gadget & Aksesoris,27816000.0
WARBONG,2026-07-20,2026,7,Service,7364000.0
WARBONG,2026-07-21,2026,7,Gadget & Aksesoris,1030000.0
WARBONG,2026-07-21,2026,7,Service,10420000.0
WARBONG,2026-07-22,2026,7,Gadget & Aksesoris,3066000.0
WARBONG,2026-07-22,2026,7,Service,9860000.0
WARBONG,2026-07-23,2026,7,Gadget & Aksesoris,14356000.0
WARBONG,2026-07-23,2026,7,Service,19164000.0
WARBONG,2026-07-24,2026,7,Gadget & Aksesoris,2416000.0
WARBONG,2026-07-24,2026,7,Service,18140000.0
WARBONG,2026-07-25,2026,7,Gadget & Aksesoris,1096000.0
WARBONG,2026-07-25,2026,7,Service,7624000.0
WARBONG,2026-07-26,2026,7,Gadget & Aksesoris,1620000.0
WARBONG,2026-07-26,2026,7,Service,11470000.0
WARBONG,2026-07-27,2026,7,Gadget & Aksesoris,24100000.0
WARBONG,2026-07-27,2026,7,Service,13528000.0
WARBONG,2026-07-28,2026,7,Gadget & Aksesoris,79470000.0
WARBONG,2026-07-28,2026,7,Service,3330000.0
WARBONG,2026-07-29,2026,7,Gadget & Aksesoris,16416600.0
WARBONG,2026-07-29,2026,7,Service,12853400.0
WARBONG,2026-07-30,2026,7,Gadget & Aksesoris,3860000.0
WARBONG,2026-07-30,2026,7,Service,13850000.0
WARBONG,2026-07-31,2026,7,Gadget & Aksesoris,328234593.94
WARBONG,2026-07-31,2026,7,Service,18470000.0
WARBONG,2026-08-01,2026,8,Gadget & Aksesoris,1700000.0
WARBONG,2026-08-01,2026,8,Service,22070000.0
WARBONG,2026-08-02,2026,8,Gadget & Aksesoris,1430000.0
WARBONG,2026-08-02,2026,8,Service,12100000.0
WARBONG,2026-08-03,2026,8,Gadget & Aksesoris,69280000.0
WARBONG,2026-08-03,2026,8,Service,11720000.0
WARBONG,2026-08-04,2026,8,Gadget & Aksesoris,40356000.0
WARBONG,2026-08-04,2026,8,Service,8000000.0
WARBONG,2026-08-05,2026,8,Gadget & Aksesoris,670000.0
WARBONG,2026-08-05,2026,8,Service,7980000.0
WARBONG,2026-08-06,2026,8,Gadget & Aksesoris,2920000.0
WARBONG,2026-08-06,2026,8,Service,6920000.0
WARBONG,2026-08-07,2026,8,Gadget & Aksesoris,1030000.0
WARBONG,2026-08-07,2026,8,Service,12140000.0
WARBONG,2026-08-08,2026,8,Gadget & Aksesoris,9340000.0
WARBONG,2026-08-08,2026,8,Service,11290000.0
WARBONG,2026-08-09,2026,8,Gadget & Aksesoris,25360000.0
WARBONG,2026-08-09,2026,8,Service,11510000.0
WARBONG,2026-08-10,2026,8,Gadget & Aksesoris,1340000.0
WARBONG,2026-08-10,2026,8,Service,9315000.0
WARBONG,2026-08-11,2026,8,Gadget & Aksesoris,2892250.0
WARBONG,2026-08-11,2026,8,Service,15242500.0
WARBONG,2026-08-12,2026,8,Gadget & Aksesoris,1346000.0
WARBONG,2026-08-12,2026,8,Service,16418000.0
WARBONG,2026-08-13,2026,8,Gadget & Aksesoris,6820000.0
WARBONG,2026-08-13,2026,8,Service,8410000.0
WARBONG,2026-08-14,2026,8,Gadget & Aksesoris,6150000.0
WARBONG,2026-08-14,2026,8,Service,15790000.0
WARBONG,2026-08-15,2026,8,Gadget & Aksesoris,1930000.0
WARBONG,2026-08-15,2026,8,Service,10070000.0
WARBONG,2026-08-16,2026,8,Gadget & Aksesoris,1210000.0
WARBONG,2026-08-16,2026,8,Service,13320000.0
WARBONG,2026-08-17,2026,8,Gadget & Aksesoris,770000.0
WARBONG,2026-08-17,2026,8,Service,3360000.0
WARBONG,2026-08-18,2026,8,Gadget & Aksesoris,50976000.0
WARBONG,2026-08-18,2026,8,Service,10480000.0
WARBONG,2026-08-19,2026,8,Gadget & Aksesoris,4188400.0
WARBONG,2026-08-19,2026,8,Service,19570000.0
WARBONG,2026-08-20,2026,8,Gadget & Aksesoris,12006000.0
WARBONG,2026-08-20,2026,8,Service,5840000.0
WARBONG,2026-08-21,2026,8,Gadget & Aksesoris,780000.0
WARBONG,2026-08-21,2026,8,Service,8500000.0
WARBONG,2026-08-22,2026,8,Gadget & Aksesoris,13910000.0
WARBONG,2026-08-22,2026,8,Service,8540000.0
WARBONG,2026-08-23,2026,8,Gadget & Aksesoris,13730000.0
WARBONG,2026-08-23,2026,8,Service,21120000.0
WARBONG,2026-08-24,2026,8,Gadget & Aksesoris,54180000.0
WARBONG,2026-08-24,2026,8,Service,17796400.0
WARBONG,2026-08-25,2026,8,Gadget & Aksesoris,15230000.0
WARBONG,2026-08-25,2026,8,Service,11210000.0
WARBONG,2026-08-26,2026,8,Gadget & Aksesoris,12690400.0
WARBONG,2026-08-26,2026,8,Service,4885000.0
